<Anims>
 <anim name="build" root="key_of_babylon" numframes="1000" framerate="40">
  <frame idx="0" w="266" h="266" x="112.030304" y="-135.787872">
   <element name="symbol" layername="key_of_babylon" frame="0" z_index="2" m_a="0.300000" m_b="0.000000" m_c="0.000000" m_d="0.300000" m_tx="4.030303" m_ty="-243.787872"/>
  </frame>
  <frame idx="25" w="266" h="266" x="112.030304" y="-135.787872">
   <element name="symbol" layername="key_of_babylon" frame="0" z_index="2" m_a="0.300000" m_b="0.000000" m_c="0.000000" m_d="0.300000" m_tx="4.030303" m_ty="-243.787872"/>
  </frame>
  <frame idx="50" w="266" h="266" x="112.030304" y="-135.787872">
   <element name="symbol" layername="key_of_babylon" frame="0" z_index="2" m_a="0.300000" m_b="0.000000" m_c="0.000000" m_d="0.300000" m_tx="4.030303" m_ty="-243.787872"/>
  </frame>
  <frame idx="75" w="266" h="266" x="112.030304" y="-135.787872">
   <element name="symbol" layername="key_of_babylon" frame="0" z_index="2" m_a="0.300000" m_b="0.000000" m_c="0.000000" m_d="0.300000" m_tx="4.030303" m_ty="-243.787872"/>
  </frame>
  <frame idx="100" w="266" h="266" x="112.030304" y="-135.787872">
   <element name="symbol" layername="key_of_babylon" frame="0" z_index="2" m_a="0.300000" m_b="0.000000" m_c="0.000000" m_d="0.300000" m_tx="4.030303" m_ty="-243.787872"/>
  </frame>
  <frame idx="125" w="266" h="266" x="112.030304" y="-135.787872">
   <element name="symbol" layername="key_of_babylon" frame="0" z_index="2" m_a="0.300000" m_b="0.000000" m_c="0.000000" m_d="0.300000" m_tx="4.030303" m_ty="-243.787872"/>
  </frame>
  <frame idx="150" w="266" h="266" x="112.030304" y="-135.787872">
   <element name="symbol" layername="key_of_babylon" frame="0" z_index="2" m_a="0.300000" m_b="0.000000" m_c="0.000000" m_d="0.300000" m_tx="4.030303" m_ty="-243.787872"/>
  </frame>
  <frame idx="175" w="266" h="266" x="112.030304" y="-135.787872">
   <element name="symbol" layername="key_of_babylon" frame="0" z_index="2" m_a="0.300000" m_b="0.000000" m_c="0.000000" m_d="0.300000" m_tx="4.030303" m_ty="-243.787872"/>
  </frame>
  <frame idx="200" w="266" h="266" x="112.030304" y="-135.787872">
   <element name="symbol" layername="key_of_babylon" frame="0" z_index="2" m_a="0.300000" m_b="0.000000" m_c="0.000000" m_d="0.300000" m_tx="4.030303" m_ty="-243.787872"/>
  </frame>
  <frame idx="225" w="266" h="266" x="112.030304" y="-135.787872">
   <element name="symbol" layername="key_of_babylon" frame="0" z_index="2" m_a="0.300000" m_b="0.000000" m_c="0.000000" m_d="0.300000" m_tx="4.030303" m_ty="-243.787872"/>
  </frame>
  <frame idx="250" w="266" h="266" x="112.030304" y="-135.787872">
   <element name="symbol" layername="key_of_babylon" frame="0" z_index="2" m_a="0.300000" m_b="0.000000" m_c="0.000000" m_d="0.300000" m_tx="4.030303" m_ty="-243.787872"/>
  </frame>
  <frame idx="275" w="266" h="266" x="112.030304" y="-135.787872">
   <element name="symbol" layername="key_of_babylon" frame="0" z_index="2" m_a="0.300000" m_b="0.000000" m_c="0.000000" m_d="0.300000" m_tx="4.030303" m_ty="-243.787872"/>
  </frame>
  <frame idx="300" w="266" h="266" x="112.030304" y="-135.787872">
   <element name="symbol" layername="key_of_babylon" frame="0" z_index="2" m_a="0.300000" m_b="0.000000" m_c="0.000000" m_d="0.300000" m_tx="4.030303" m_ty="-243.787872"/>
  </frame>
  <frame idx="325" w="266" h="266" x="112.030304" y="-135.787872">
   <element name="symbol" layername="key_of_babylon" frame="0" z_index="2" m_a="0.300000" m_b="0.000000" m_c="0.000000" m_d="0.300000" m_tx="4.030303" m_ty="-243.787872"/>
  </frame>
  <frame idx="350" w="266" h="266" x="112.030304" y="-135.787872">
   <element name="symbol" layername="key_of_babylon" frame="0" z_index="2" m_a="0.300000" m_b="0.000000" m_c="0.000000" m_d="0.300000" m_tx="4.030303" m_ty="-243.787872"/>
  </frame>
  <frame idx="375" w="266" h="266" x="112.030304" y="-135.787872">
   <element name="symbol" layername="key_of_babylon" frame="0" z_index="2" m_a="0.300000" m_b="0.000000" m_c="0.000000" m_d="0.300000" m_tx="4.030303" m_ty="-243.787872"/>
  </frame>
  <frame idx="400" w="266" h="266" x="112.030304" y="-135.787872">
   <element name="symbol" layername="key_of_babylon" frame="0" z_index="2" m_a="0.300000" m_b="0.000000" m_c="0.000000" m_d="0.300000" m_tx="4.030303" m_ty="-243.787872"/>
  </frame>
  <frame idx="425" w="266" h="266" x="112.030304" y="-135.787872">
   <element name="symbol" layername="key_of_babylon" frame="0" z_index="2" m_a="0.300000" m_b="0.000000" m_c="0.000000" m_d="0.300000" m_tx="4.030303" m_ty="-243.787872"/>
  </frame>
  <frame idx="450" w="266" h="266" x="112.030304" y="-135.787872">
   <element name="symbol" layername="key_of_babylon" frame="0" z_index="2" m_a="0.300000" m_b="0.000000" m_c="0.000000" m_d="0.300000" m_tx="4.030303" m_ty="-243.787872"/>
  </frame>
  <frame idx="475" w="266" h="266" x="112.030304" y="-135.787872">
   <element name="symbol" layername="key_of_babylon" frame="0" z_index="2" m_a="0.300000" m_b="0.000000" m_c="0.000000" m_d="0.300000" m_tx="4.030303" m_ty="-243.787872"/>
  </frame>
  <frame idx="500" w="266" h="266" x="112.030304" y="-135.787872">
   <element name="symbol" layername="key_of_babylon" frame="0" z_index="2" m_a="0.300000" m_b="0.000000" m_c="0.000000" m_d="0.300000" m_tx="4.030303" m_ty="-243.787872"/>
  </frame>
  <frame idx="525" w="266" h="266" x="112.030304" y="-135.787872">
   <element name="symbol" layername="key_of_babylon" frame="0" z_index="2" m_a="0.300000" m_b="0.000000" m_c="0.000000" m_d="0.300000" m_tx="4.030303" m_ty="-243.787872"/>
  </frame>
  <frame idx="550" w="266" h="266" x="112.030304" y="-135.787872">
   <element name="symbol" layername="key_of_babylon" frame="0" z_index="2" m_a="0.300000" m_b="0.000000" m_c="0.000000" m_d="0.300000" m_tx="4.030303" m_ty="-243.787872"/>
  </frame>
  <frame idx="575" w="266" h="266" x="112.030304" y="-135.787872">
   <element name="symbol" layername="key_of_babylon" frame="0" z_index="2" m_a="0.300000" m_b="0.000000" m_c="0.000000" m_d="0.300000" m_tx="4.030303" m_ty="-243.787872"/>
  </frame>
  <frame idx="600" w="266" h="266" x="112.030304" y="-135.787872">
   <element name="symbol" layername="key_of_babylon" frame="0" z_index="2" m_a="0.300000" m_b="0.000000" m_c="0.000000" m_d="0.300000" m_tx="4.030303" m_ty="-243.787872"/>
  </frame>
  <frame idx="625" w="266" h="266" x="112.030304" y="-135.787872">
   <element name="symbol" layername="key_of_babylon" frame="0" z_index="2" m_a="0.300000" m_b="0.000000" m_c="0.000000" m_d="0.300000" m_tx="4.030303" m_ty="-243.787872"/>
  </frame>
  <frame idx="650" w="266" h="266" x="112.030304" y="-135.787872">
   <element name="symbol" layername="key_of_babylon" frame="0" z_index="2" m_a="0.300000" m_b="0.000000" m_c="0.000000" m_d="0.300000" m_tx="4.030303" m_ty="-243.787872"/>
  </frame>
  <frame idx="675" w="266" h="266" x="112.030304" y="-135.787872">
   <element name="symbol" layername="key_of_babylon" frame="0" z_index="2" m_a="0.300000" m_b="0.000000" m_c="0.000000" m_d="0.300000" m_tx="4.030303" m_ty="-243.787872"/>
  </frame>
  <frame idx="700" w="266" h="266" x="112.030304" y="-135.787872">
   <element name="symbol" layername="key_of_babylon" frame="0" z_index="2" m_a="0.300000" m_b="0.000000" m_c="0.000000" m_d="0.300000" m_tx="4.030303" m_ty="-243.787872"/>
  </frame>
  <frame idx="725" w="266" h="266" x="112.030304" y="-135.787872">
   <element name="symbol" layername="key_of_babylon" frame="0" z_index="2" m_a="0.300000" m_b="0.000000" m_c="0.000000" m_d="0.300000" m_tx="4.030303" m_ty="-243.787872"/>
  </frame>
  <frame idx="750" w="266" h="266" x="112.030304" y="-135.787872">
   <element name="symbol" layername="key_of_babylon" frame="0" z_index="2" m_a="0.300000" m_b="0.000000" m_c="0.000000" m_d="0.300000" m_tx="4.030303" m_ty="-243.787872"/>
  </frame>
  <frame idx="775" w="266" h="266" x="112.030304" y="-135.787872">
   <element name="symbol" layername="key_of_babylon" frame="0" z_index="2" m_a="0.300000" m_b="0.000000" m_c="0.000000" m_d="0.300000" m_tx="4.030303" m_ty="-243.787872"/>
  </frame>
  <frame idx="800" w="266" h="266" x="112.030304" y="-135.787872">
   <element name="symbol" layername="key_of_babylon" frame="0" z_index="2" m_a="0.300000" m_b="0.000000" m_c="0.000000" m_d="0.300000" m_tx="4.030303" m_ty="-243.787872"/>
  </frame>
  <frame idx="825" w="266" h="266" x="112.030304" y="-135.787872">
   <element name="symbol" layername="key_of_babylon" frame="0" z_index="2" m_a="0.300000" m_b="0.000000" m_c="0.000000" m_d="0.300000" m_tx="4.030303" m_ty="-243.787872"/>
  </frame>
  <frame idx="850" w="266" h="266" x="112.030304" y="-135.787872">
   <element name="symbol" layername="key_of_babylon" frame="0" z_index="2" m_a="0.300000" m_b="0.000000" m_c="0.000000" m_d="0.300000" m_tx="4.030303" m_ty="-243.787872"/>
  </frame>
  <frame idx="875" w="266" h="266" x="112.030304" y="-135.787872">
   <element name="symbol" layername="key_of_babylon" frame="0" z_index="2" m_a="0.300000" m_b="0.000000" m_c="0.000000" m_d="0.300000" m_tx="4.030303" m_ty="-243.787872"/>
  </frame>
  <frame idx="900" w="266" h="266" x="112.030304" y="-135.787872">
   <element name="symbol" layername="key_of_babylon" frame="0" z_index="2" m_a="0.300000" m_b="0.000000" m_c="0.000000" m_d="0.300000" m_tx="4.030303" m_ty="-243.787872"/>
  </frame>
  <frame idx="925" w="266" h="266" x="112.030304" y="-135.787872">
   <element name="symbol" layername="key_of_babylon" frame="0" z_index="2" m_a="0.300000" m_b="0.000000" m_c="0.000000" m_d="0.300000" m_tx="4.030303" m_ty="-243.787872"/>
  </frame>
  <frame idx="950" w="266" h="266" x="112.030304" y="-135.787872">
   <element name="symbol" layername="key_of_babylon" frame="0" z_index="2" m_a="0.300000" m_b="0.000000" m_c="0.000000" m_d="0.300000" m_tx="4.030303" m_ty="-243.787872"/>
  </frame>
  <frame idx="975" w="266" h="266" x="112.030304" y="-135.787872">
   <element name="symbol" layername="key_of_babylon" frame="0" z_index="2" m_a="0.300000" m_b="0.000000" m_c="0.000000" m_d="0.300000" m_tx="4.030303" m_ty="-243.787872"/>
  </frame>
 </anim>
 <anim name="idle" root="key_of_babylon" numframes="1000" framerate="40">
  <frame idx="0" w="266" h="266" x="112.030304" y="-135.787872">
   <element name="symbol" layername="key_of_babylon" frame="0" z_index="2" m_a="0.300000" m_b="0.000000" m_c="0.000000" m_d="0.300000" m_tx="4.030303" m_ty="-243.787872"/>
  </frame>
  <frame idx="25" w="266" h="266" x="111.780304" y="-130.537872">
   <element name="symbol" layername="key_of_babylon" frame="0" z_index="2" m_a="0.300000" m_b="0.000000" m_c="0.000000" m_d="0.300000" m_tx="3.780303" m_ty="-238.537872"/>
  </frame>
  <frame idx="50" w="266" h="266" x="111.530304" y="-125.287872">
   <element name="symbol" layername="key_of_babylon" frame="0" z_index="2" m_a="0.300000" m_b="0.000000" m_c="0.000000" m_d="0.300000" m_tx="3.530303" m_ty="-233.287872"/>
  </frame>
  <frame idx="75" w="266" h="266" x="111.280304" y="-120.037872">
   <element name="symbol" layername="key_of_babylon" frame="0" z_index="2" m_a="0.300000" m_b="0.000000" m_c="0.000000" m_d="0.300000" m_tx="3.280303" m_ty="-228.037872"/>
  </frame>
  <frame idx="100" w="266" h="266" x="111.030304" y="-114.787872">
   <element name="symbol" layername="key_of_babylon" frame="0" z_index="2" m_a="0.300000" m_b="0.000000" m_c="0.000000" m_d="0.300000" m_tx="3.030303" m_ty="-222.787872"/>
  </frame>
  <frame idx="125" w="266" h="266" x="110.780304" y="-109.537872">
   <element name="symbol" layername="key_of_babylon" frame="0" z_index="2" m_a="0.300000" m_b="0.000000" m_c="0.000000" m_d="0.300000" m_tx="2.780303" m_ty="-217.537872"/>
  </frame>
  <frame idx="150" w="266" h="266" x="110.530304" y="-104.287872">
   <element name="symbol" layername="key_of_babylon" frame="0" z_index="2" m_a="0.300000" m_b="0.000000" m_c="0.000000" m_d="0.300000" m_tx="2.530303" m_ty="-212.287872"/>
  </frame>
  <frame idx="175" w="266" h="264" x="110.280304" y="-99.037872">
   <element name="symbol" layername="key_of_babylon" frame="0" z_index="2" m_a="0.300000" m_b="0.000000" m_c="0.000000" m_d="0.300000" m_tx="2.280303" m_ty="-207.037872"/>
  </frame>
  <frame idx="200" w="266" h="264" x="110.030304" y="-93.787872">
   <element name="symbol" layername="key_of_babylon" frame="0" z_index="2" m_a="0.300000" m_b="0.000000" m_c="0.000000" m_d="0.300000" m_tx="2.030303" m_ty="-201.787872"/>
  </frame>
  <frame idx="225" w="266" h="264" x="110.092804" y="-99.120468">
   <element name="symbol" layername="key_of_babylon" frame="0" z_index="2" m_a="0.300000" m_b="0.000000" m_c="0.000000" m_d="0.300000" m_tx="2.092803" m_ty="-207.120468"/>
  </frame>
  <frame idx="250" w="266" h="266" x="110.155304" y="-104.453079">
   <element name="symbol" layername="key_of_babylon" frame="0" z_index="2" m_a="0.300000" m_b="0.000000" m_c="0.000000" m_d="0.300000" m_tx="2.155303" m_ty="-212.453079"/>
  </frame>
  <frame idx="275" w="266" h="266" x="110.217804" y="-109.785675">
   <element name="symbol" layername="key_of_babylon" frame="0" z_index="2" m_a="0.300000" m_b="0.000000" m_c="0.000000" m_d="0.300000" m_tx="2.217803" m_ty="-217.785675"/>
  </frame>
  <frame idx="300" w="266" h="266" x="110.280304" y="-115.118286">
   <element name="symbol" layername="key_of_babylon" frame="0" z_index="2" m_a="0.300000" m_b="0.000000" m_c="0.000000" m_d="0.300000" m_tx="2.280303" m_ty="-223.118286"/>
  </frame>
  <frame idx="325" w="266" h="266" x="110.342804" y="-120.450882">
   <element name="symbol" layername="key_of_babylon" frame="0" z_index="2" m_a="0.300000" m_b="0.000000" m_c="0.000000" m_d="0.300000" m_tx="2.342803" m_ty="-228.450882"/>
  </frame>
  <frame idx="350" w="266" h="266" x="110.405304" y="-125.783478">
   <element name="symbol" layername="key_of_babylon" frame="0" z_index="2" m_a="0.300000" m_b="0.000000" m_c="0.000000" m_d="0.300000" m_tx="2.405303" m_ty="-233.783478"/>
  </frame>
  <frame idx="375" w="266" h="266" x="110.467804" y="-131.116089">
   <element name="symbol" layername="key_of_babylon" frame="0" z_index="2" m_a="0.300000" m_b="0.000000" m_c="0.000000" m_d="0.300000" m_tx="2.467803" m_ty="-239.116089"/>
  </frame>
  <frame idx="400" w="266" h="266" x="110.530304" y="-135.907898">
   <element name="symbol" layername="key_of_babylon" frame="0" z_index="2" m_a="0.300000" m_b="0.000000" m_c="0.000000" m_d="0.300000" m_tx="2.530303" m_ty="-243.907898"/>
  </frame>
  <frame idx="425" w="266" h="266" x="110.592804" y="-127.720978">
   <element name="symbol" layername="key_of_babylon" frame="0" z_index="2" m_a="0.300000" m_b="0.000000" m_c="0.000000" m_d="0.300000" m_tx="2.592803" m_ty="-235.720978"/>
  </frame>
  <frame idx="450" w="266" h="266" x="110.655304" y="-119.534042">
   <element name="symbol" layername="key_of_babylon" frame="0" z_index="2" m_a="0.300000" m_b="0.000000" m_c="0.000000" m_d="0.300000" m_tx="2.655303" m_ty="-227.534042"/>
  </frame>
  <frame idx="475" w="266" h="266" x="110.717804" y="-111.347107">
   <element name="symbol" layername="key_of_babylon" frame="0" z_index="2" m_a="0.300000" m_b="0.000000" m_c="0.000000" m_d="0.300000" m_tx="2.717803" m_ty="-219.347107"/>
  </frame>
  <frame idx="500" w="266" h="266" x="110.780304" y="-103.160187">
   <element name="symbol" layername="key_of_babylon" frame="0" z_index="2" m_a="0.300000" m_b="0.000000" m_c="0.000000" m_d="0.300000" m_tx="2.780303" m_ty="-211.160187"/>
  </frame>
  <frame idx="525" w="266" h="264" x="110.842804" y="-94.973251">
   <element name="symbol" layername="key_of_babylon" frame="0" z_index="2" m_a="0.300000" m_b="0.000000" m_c="0.000000" m_d="0.300000" m_tx="2.842803" m_ty="-202.973251"/>
  </frame>
  <frame idx="550" w="266" h="264" x="110.905304" y="-86.786316">
   <element name="symbol" layername="key_of_babylon" frame="0" z_index="2" m_a="0.300000" m_b="0.000000" m_c="0.000000" m_d="0.300000" m_tx="2.905303" m_ty="-194.786316"/>
  </frame>
  <frame idx="575" w="266" h="264" x="110.967804" y="-78.599380">
   <element name="symbol" layername="key_of_babylon" frame="0" z_index="2" m_a="0.300000" m_b="0.000000" m_c="0.000000" m_d="0.300000" m_tx="2.967803" m_ty="-186.599380"/>
  </frame>
  <frame idx="600" w="266" h="264" x="111.030304" y="-70.412460">
   <element name="symbol" layername="key_of_babylon" frame="0" z_index="2" m_a="0.300000" m_b="0.000000" m_c="0.000000" m_d="0.300000" m_tx="3.030303" m_ty="-178.412460"/>
  </frame>
  <frame idx="625" w="266" h="264" x="111.092804" y="-76.461273">
   <element name="symbol" layername="key_of_babylon" frame="0" z_index="2" m_a="0.300000" m_b="0.000000" m_c="0.000000" m_d="0.300000" m_tx="3.092803" m_ty="-184.461273"/>
  </frame>
  <frame idx="650" w="266" h="264" x="111.155304" y="-83.103241">
   <element name="symbol" layername="key_of_babylon" frame="0" z_index="2" m_a="0.300000" m_b="0.000000" m_c="0.000000" m_d="0.300000" m_tx="3.155303" m_ty="-191.103241"/>
  </frame>
  <frame idx="675" w="266" h="264" x="111.217804" y="-89.745224">
   <element name="symbol" layername="key_of_babylon" frame="0" z_index="2" m_a="0.300000" m_b="0.000000" m_c="0.000000" m_d="0.300000" m_tx="3.217803" m_ty="-197.745224"/>
  </frame>
  <frame idx="700" w="266" h="264" x="111.280304" y="-96.387207">
   <element name="symbol" layername="key_of_babylon" frame="0" z_index="2" m_a="0.300000" m_b="0.000000" m_c="0.000000" m_d="0.300000" m_tx="3.280303" m_ty="-204.387207"/>
  </frame>
  <frame idx="725" w="266" h="266" x="111.342804" y="-103.029175">
   <element name="symbol" layername="key_of_babylon" frame="0" z_index="2" m_a="0.300000" m_b="0.000000" m_c="0.000000" m_d="0.300000" m_tx="3.342803" m_ty="-211.029175"/>
  </frame>
  <frame idx="750" w="266" h="266" x="111.405304" y="-109.671158">
   <element name="symbol" layername="key_of_babylon" frame="0" z_index="2" m_a="0.300000" m_b="0.000000" m_c="0.000000" m_d="0.300000" m_tx="3.405303" m_ty="-217.671158"/>
  </frame>
  <frame idx="775" w="266" h="266" x="111.467804" y="-116.313126">
   <element name="symbol" layername="key_of_babylon" frame="0" z_index="2" m_a="0.300000" m_b="0.000000" m_c="0.000000" m_d="0.300000" m_tx="3.467803" m_ty="-224.313126"/>
  </frame>
  <frame idx="800" w="266" h="266" x="111.530304" y="-122.754593">
   <element name="symbol" layername="key_of_babylon" frame="0" z_index="2" m_a="0.300000" m_b="0.000000" m_c="0.000000" m_d="0.300000" m_tx="3.530303" m_ty="-230.754593"/>
  </frame>
  <frame idx="825" w="266" h="266" x="111.592804" y="-124.383743">
   <element name="symbol" layername="key_of_babylon" frame="0" z_index="2" m_a="0.300000" m_b="0.000000" m_c="0.000000" m_d="0.300000" m_tx="3.592803" m_ty="-232.383743"/>
  </frame>
  <frame idx="850" w="266" h="266" x="111.655304" y="-126.012909">
   <element name="symbol" layername="key_of_babylon" frame="0" z_index="2" m_a="0.300000" m_b="0.000000" m_c="0.000000" m_d="0.300000" m_tx="3.655303" m_ty="-234.012909"/>
  </frame>
  <frame idx="875" w="266" h="266" x="111.717804" y="-127.642075">
   <element name="symbol" layername="key_of_babylon" frame="0" z_index="2" m_a="0.300000" m_b="0.000000" m_c="0.000000" m_d="0.300000" m_tx="3.717803" m_ty="-235.642075"/>
  </frame>
  <frame idx="900" w="266" h="266" x="111.780304" y="-129.271225">
   <element name="symbol" layername="key_of_babylon" frame="0" z_index="2" m_a="0.300000" m_b="0.000000" m_c="0.000000" m_d="0.300000" m_tx="3.780303" m_ty="-237.271225"/>
  </frame>
  <frame idx="925" w="266" h="266" x="111.842804" y="-130.900391">
   <element name="symbol" layername="key_of_babylon" frame="0" z_index="2" m_a="0.300000" m_b="0.000000" m_c="0.000000" m_d="0.300000" m_tx="3.842803" m_ty="-238.900391"/>
  </frame>
  <frame idx="950" w="266" h="266" x="111.905304" y="-132.529556">
   <element name="symbol" layername="key_of_babylon" frame="0" z_index="2" m_a="0.300000" m_b="0.000000" m_c="0.000000" m_d="0.300000" m_tx="3.905303" m_ty="-240.529556"/>
  </frame>
  <frame idx="975" w="266" h="266" x="111.967804" y="-134.158707">
   <element name="symbol" layername="key_of_babylon" frame="0" z_index="2" m_a="0.300000" m_b="0.000000" m_c="0.000000" m_d="0.300000" m_tx="3.967803" m_ty="-242.158707"/>
  </frame>
 </anim>
</Anims>
