<Anims>
 <anim name="idle_down" root="gate_of_babylon_attack_fx" numframes="1000" framerate="40">
  <frame idx="0" w="726" h="263" x="19.641510" y="-233.254730">
   <element name="body" layername="body" frame="0" z_index="9" m_a="0.223645" m_b="0.000000" m_c="0.000000" m_d="0.236209" m_tx="3.000000" m_ty="-340.754730"/>
   <element name="body" layername="body" frame="0" z_index="8" m_a="0.219728" m_b="0.000000" m_c="0.000000" m_d="0.240050" m_tx="-277.358490" m_ty="-201.886795"/>
   <element name="body" layername="body" frame="0" z_index="7" m_a="0.257941" m_b="0.000000" m_c="0.000000" m_d="0.268856" m_tx="279.245270" m_ty="-209.433960"/>
  </frame>
  <frame idx="25" w="775" h="312" x="15.457794" y="-213.754730">
   <element name="body" layername="body" frame="0" z_index="9" m_a="0.276945" m_b="0.050891" m_c="-0.052993" m_d="0.288380" m_tx="3.000000" m_ty="-340.754730"/>
   <element name="body" layername="body" frame="0" z_index="8" m_a="0.272369" m_b="0.055457" m_c="-0.059209" m_d="0.290796" m_tx="-277.358490" m_ty="-201.886795"/>
   <element name="body" layername="body" frame="0" z_index="7" m_a="0.307614" m_b="0.059514" m_c="-0.061432" m_d="0.317531" m_tx="279.245270" m_ty="-209.433960"/>
  </frame>
  <frame idx="50" w="824" h="360" x="4.356293" y="-193.754730">
   <element name="body" layername="body" frame="0" z_index="9" m_a="0.317338" m_b="0.120704" m_c="-0.124504" m_d="0.327329" m_tx="3.000000" m_ty="-340.754730"/>
   <element name="body" layername="body" frame="0" z_index="8" m_a="0.309421" m_b="0.131453" m_c="-0.138213" m_d="0.325334" m_tx="-277.358490" m_ty="-201.886795"/>
   <element name="body" layername="body" frame="0" z_index="7" m_a="0.342091" m_b="0.137515" m_c="-0.140978" m_d="0.350707" m_tx="279.245270" m_ty="-209.433960"/>
  </frame>
  <frame idx="75" w="873" h="406" x="-13.853577" y="-174.754730">
   <element name="body" layername="body" frame="0" z_index="9" m_a="0.339835" m_b="0.206115" m_c="-0.211172" m_d="0.348172" m_tx="3.000000" m_ty="-340.754730"/>
   <element name="body" layername="body" frame="0" z_index="8" m_a="0.324946" m_b="0.223548" m_c="-0.232488" m_d="0.337940" m_tx="-277.358490" m_ty="-201.886795"/>
   <element name="body" layername="body" frame="0" z_index="7" m_a="0.356266" m_b="0.230028" m_c="-0.234623" m_d="0.363383" m_tx="279.245270" m_ty="-209.433960"/>
  </frame>
  <frame idx="100" w="913" h="446" x="-38.281708" y="-158.754730">
   <element name="body" layername="body" frame="0" z_index="9" m_a="0.340278" m_b="0.302644" m_c="-0.308502" m_d="0.346863" m_tx="3.000000" m_ty="-340.754730"/>
   <element name="body" layername="body" frame="0" z_index="8" m_a="0.314235" m_b="0.325797" m_c="-0.336058" m_d="0.324132" m_tx="-277.358490" m_ty="-201.886795"/>
   <element name="body" layername="body" frame="0" z_index="7" m_a="0.346057" m_b="0.331840" m_c="-0.337139" m_d="0.351584" m_tx="279.245270" m_ty="-209.433960"/>
  </frame>
  <frame idx="125" w="943" h="476" x="-68.588715" y="-146.754730">
   <element name="body" layername="body" frame="0" z_index="9" m_a="0.315596" m_b="0.404854" m_c="-0.411065" m_d="0.320438" m_tx="3.000000" m_ty="-340.754730"/>
   <element name="body" layername="body" frame="0" z_index="8" m_a="0.274164" m_b="0.431076" m_c="-0.441826" m_d="0.281000" m_tx="-277.358490" m_ty="-201.886795"/>
   <element name="body" layername="body" frame="0" z_index="7" m_a="0.308688" m_b="0.436753" m_c="-0.442341" m_d="0.312637" m_tx="279.245270" m_ty="-209.433960"/>
  </frame>
  <frame idx="150" w="959" h="490" x="-102.647003" y="-140.754730">
   <element name="body" layername="body" frame="0" z_index="9" m_a="0.264003" m_b="0.506605" m_c="-0.512758" m_d="0.267209" m_tx="3.000000" m_ty="-340.754730"/>
   <element name="body" layername="body" frame="0" z_index="8" m_a="0.203462" m_b="0.531490" m_c="-0.541971" m_d="0.207474" m_tx="-277.358490" m_ty="-201.886795"/>
   <element name="body" layername="body" frame="0" z_index="7" m_a="0.242899" m_b="0.537907" m_c="-0.543400" m_d="0.245380" m_tx="279.245270" m_ty="-209.433960"/>
  </frame>
  <frame idx="175" w="955" h="488" x="-138.224121" y="-141.754730">
   <element name="body" layername="body" frame="0" z_index="9" m_a="0.185142" m_b="0.601348" m_c="-0.607083" m_d="0.186908" m_tx="3.000000" m_ty="-340.754730"/>
   <element name="body" layername="body" frame="0" z_index="8" m_a="0.102879" m_b="0.618839" m_c="-0.628414" m_d="0.104471" m_tx="-277.358490" m_ty="-201.886795"/>
   <element name="body" layername="body" frame="0" z_index="7" m_a="0.149093" m_b="0.628132" m_c="-0.633204" m_d="0.150297" m_tx="279.245270" m_ty="-209.433960"/>
  </frame>
  <frame idx="200" w="942" h="467" x="-179.582703" y="-150.254730">
   <element name="body" layername="body" frame="0" z_index="9" m_a="0.080169" m_b="0.682448" m_c="-0.687476" m_d="0.080760" m_tx="3.000000" m_ty="-340.754730"/>
   <element name="body" layername="body" frame="0" z_index="8" m_a="-0.024762" m_b="0.685115" m_c="-0.693299" m_d="-0.025058" m_tx="-277.358490" m_ty="-201.886795"/>
   <element name="body" layername="body" frame="0" z_index="7" m_a="0.029389" m_b="0.700345" m_c="-0.704740" m_d="0.029573" m_tx="279.245270" m_ty="-209.433960"/>
  </frame>
  <frame idx="225" w="1011" h="495" x="-225.504395" y="-157.659119">
   <element name="body" layername="body" frame="0" z_index="9" m_a="-0.048244" m_b="0.743514" m_c="-0.747631" m_d="-0.048511" m_tx="3.000000" m_ty="-340.754730"/>
   <element name="body" layername="body" frame="0" z_index="8" m_a="-0.174627" m_b="0.723001" m_c="-0.729488" m_d="-0.176194" m_tx="-277.358490" m_ty="-201.886795"/>
   <element name="body" layername="body" frame="0" z_index="7" m_a="-0.112404" m_b="0.747940" m_c="-0.751484" m_d="-0.112937" m_tx="279.245270" m_ty="-209.433960"/>
  </frame>
  <frame idx="250" w="1085" h="569" x="-262.292969" y="-186.952454">
   <element name="body" layername="body" frame="0" z_index="9" m_a="-0.195966" m_b="0.778736" m_c="-0.781827" m_d="-0.196744" m_tx="3.000000" m_ty="-340.754730"/>
   <element name="body" layername="body" frame="0" z_index="8" m_a="-0.340057" m_b="0.726360" m_c="-0.731029" m_d="-0.342243" m_tx="-277.358490" m_ty="-201.886795"/>
   <element name="body" layername="body" frame="0" z_index="7" m_a="-0.270908" m_b="0.765175" m_c="-0.767785" m_d="-0.271832" m_tx="279.245270" m_ty="-209.433960"/>
  </frame>
  <frame idx="275" w="1144" h="632" x="-291.932922" y="-226.145935">
   <element name="body" layername="body" frame="0" z_index="9" m_a="-0.357544" m_b="0.783198" m_c="-0.785245" m_d="-0.358478" m_tx="3.000000" m_ty="-340.754730"/>
   <element name="body" layername="body" frame="0" z_index="8" m_a="-0.512856" m_b="0.690658" m_c="-0.693580" m_d="-0.515025" m_tx="-277.358490" m_ty="-201.886795"/>
   <element name="body" layername="body" frame="0" z_index="7" m_a="-0.439379" m_b="0.747528" m_c="-0.749213" m_d="-0.440370" m_tx="279.245270" m_ty="-209.433960"/>
  </frame>
  <frame idx="300" w="1184" h="681" x="-312.733154" y="-273.113892">
   <element name="body" layername="body" frame="0" z_index="9" m_a="-0.526396" m_b="0.753169" m_c="-0.754245" m_d="-0.527148" m_tx="3.000000" m_ty="-340.754730"/>
   <element name="body" layername="body" frame="0" z_index="8" m_a="-0.683687" m_b="0.613332" m_c="-0.614750" m_d="-0.685267" m_tx="-277.358490" m_ty="-201.886795"/>
   <element name="body" layername="body" frame="0" z_index="7" m_a="-0.609989" m_b="0.692003" m_c="-0.692858" m_d="-0.610743" m_tx="279.245270" m_ty="-209.433960"/>
  </frame>
  <frame idx="325" w="1202" h="714" x="-321.116760" y="-326.891968">
   <element name="body" layername="body" frame="0" z_index="9" m_a="-0.695076" m_b="0.686336" m_c="-0.686599" m_d="-0.695343" m_tx="3.000000" m_ty="-340.754730"/>
   <element name="body" layername="body" frame="0" z_index="8" m_a="-0.842542" m_b="0.494047" m_c="-0.494354" m_d="-0.843065" m_tx="-277.358490" m_ty="-201.886795"/>
   <element name="body" layername="body" frame="0" z_index="7" m_a="-0.774169" m_b="0.597370" m_c="-0.597569" m_d="-0.774427" m_tx="279.245270" m_ty="-209.433960"/>
  </frame>
  <frame idx="350" w="1171" h="711" x="-306.143738" y="-384.143188">
   <element name="body" layername="body" frame="0" z_index="9" m_a="-0.834721" m_b="0.550673" m_c="-0.550673" m_d="-0.834721" m_tx="3.000000" m_ty="-340.754730"/>
   <element name="body" layername="body" frame="0" z_index="8" m_a="-0.947011" m_b="0.321203" m_c="-0.321203" m_d="-0.947011" m_tx="-277.358490" m_ty="-201.886795"/>
   <element name="body" layername="body" frame="0" z_index="7" m_a="-0.892902" m_b="0.450251" m_c="-0.450251" m_d="-0.892902" m_tx="279.245270" m_ty="-209.433960"/>
  </frame>
  <frame idx="375" w="1104" h="675" x="-272.065491" y="-437.042542">
   <element name="body" layername="body" frame="0" z_index="9" m_a="-0.929470" m_b="0.368899" m_c="-0.368899" m_d="-0.929470" m_tx="3.000000" m_ty="-340.754730"/>
   <element name="body" layername="body" frame="0" z_index="8" m_a="-0.992567" m_b="0.121701" m_c="-0.121701" m_d="-0.992567" m_tx="-277.358490" m_ty="-201.886795"/>
   <element name="body" layername="body" frame="0" z_index="7" m_a="-0.961736" m_b="0.273979" m_c="-0.273979" m_d="-0.961736" m_tx="279.245270" m_ty="-209.433960"/>
  </frame>
  <frame idx="400" w="1052" h="618" x="-245.981750" y="-482.819824">
   <element name="body" layername="body" frame="0" z_index="9" m_a="-0.985163" m_b="0.171623" m_c="-0.171623" m_d="-0.985163" m_tx="3.000000" m_ty="-340.754730"/>
   <element name="body" layername="body" frame="0" z_index="8" m_a="-0.996558" m_b="-0.082897" m_c="0.082897" m_d="-0.996558" m_tx="-277.358490" m_ty="-201.886795"/>
   <element name="body" layername="body" frame="0" z_index="7" m_a="-0.996130" m_b="0.087897" m_c="-0.087897" m_d="-0.996130" m_tx="279.245270" m_ty="-209.433960"/>
  </frame>
  <frame idx="425" w="1080" h="608" x="-219.885376" y="-505.684082">
   <element name="body" layername="body" frame="0" z_index="9" m_a="-0.999460" m_b="-0.032864" m_c="0.032864" m_d="-0.999460" m_tx="3.000000" m_ty="-340.754730"/>
   <element name="body" layername="body" frame="0" z_index="8" m_a="-0.958817" m_b="-0.284024" m_c="0.284024" m_d="-0.958817" m_tx="-277.358490" m_ty="-201.886795"/>
   <element name="body" layername="body" frame="0" z_index="7" m_a="-0.994853" m_b="-0.101333" m_c="0.101333" m_d="-0.994853" m_tx="279.245270" m_ty="-209.433960"/>
  </frame>
  <frame idx="450" w="1127" h="685" x="-169.228333" y="-544.346619">
   <element name="body" layername="body" frame="0" z_index="9" m_a="-0.971761" m_b="-0.235969" m_c="0.235969" m_d="-0.971761" m_tx="3.000000" m_ty="-340.754730"/>
   <element name="body" layername="body" frame="0" z_index="8" m_a="-0.880925" m_b="-0.473257" m_c="0.473257" m_d="-0.880925" m_tx="-277.358490" m_ty="-201.886795"/>
   <element name="body" layername="body" frame="0" z_index="7" m_a="-0.957950" m_b="-0.286935" m_c="0.286935" m_d="-0.957950" m_tx="279.245270" m_ty="-209.433960"/>
  </frame>
  <frame idx="475" w="1153" h="740" x="-112.315308" y="-571.710083">
   <element name="body" layername="body" frame="0" z_index="9" m_a="-0.903229" m_b="-0.429160" m_c="0.429160" m_d="-0.903229" m_tx="3.000000" m_ty="-340.754730"/>
   <element name="body" layername="body" frame="0" z_index="8" m_a="-0.766142" m_b="-0.642671" m_c="0.642671" m_d="-0.766142" m_tx="-277.358490" m_ty="-201.886795"/>
   <element name="body" layername="body" frame="0" z_index="7" m_a="-0.886744" m_b="-0.462261" m_c="0.462261" m_d="-0.886744" m_tx="279.245270" m_ty="-209.433960"/>
  </frame>
  <frame idx="500" w="1159" h="770" x="-51.569031" y="-586.179199">
   <element name="body" layername="body" frame="0" z_index="9" m_a="-0.796743" m_b="-0.604318" m_c="0.604318" m_d="-0.796743" m_tx="3.000000" m_ty="-340.754730"/>
   <element name="body" layername="body" frame="0" z_index="8" m_a="-0.619276" m_b="-0.785173" m_c="0.785173" m_d="-0.619276" m_tx="-277.358490" m_ty="-201.886795"/>
   <element name="body" layername="body" frame="0" z_index="7" m_a="-0.783784" m_b="-0.621034" m_c="0.621034" m_d="-0.783784" m_tx="279.245270" m_ty="-209.433960"/>
  </frame>
  <frame idx="525" w="1143" h="775" x="11.550446" y="-588.599609">
   <element name="body" layername="body" frame="0" z_index="9" m_a="-0.656780" m_b="-0.754082" m_c="0.754082" m_d="-0.656780" m_tx="3.000000" m_ty="-340.754730"/>
   <element name="body" layername="body" frame="0" z_index="8" m_a="-0.446478" m_b="-0.894795" m_c="0.894795" m_d="-0.446478" m_tx="-277.358490" m_ty="-201.886795"/>
   <element name="body" layername="body" frame="0" z_index="7" m_a="-0.652757" m_b="-0.757568" m_c="0.757568" m_d="-0.652757" m_tx="279.245270" m_ty="-209.433960"/>
  </frame>
  <frame idx="550" w="1107" h="753" x="73.148651" y="-577.806763">
   <element name="body" layername="body" frame="0" z_index="9" m_a="-0.489219" m_b="-0.872161" m_c="0.872161" m_d="-0.489219" m_tx="3.000000" m_ty="-340.754730"/>
   <element name="body" layername="body" frame="0" z_index="8" m_a="-0.254982" m_b="-0.966946" m_c="0.966946" m_d="-0.254982" m_tx="-277.358490" m_ty="-201.886795"/>
   <element name="body" layername="body" frame="0" z_index="7" m_a="-0.498354" m_b="-0.866973" m_c="0.866973" m_d="-0.498354" m_tx="279.245270" m_ty="-209.433960"/>
  </frame>
  <frame idx="575" w="1052" h="706" x="131.518036" y="-554.632141">
   <element name="body" layername="body" frame="0" z_index="9" m_a="-0.301101" m_b="-0.953592" m_c="0.953592" m_d="-0.301101" m_tx="3.000000" m_ty="-340.754730"/>
   <element name="body" layername="body" frame="0" z_index="8" m_a="-0.052809" m_b="-0.998605" m_c="0.998605" m_d="-0.052809" m_tx="-277.358490" m_ty="-201.886795"/>
   <element name="body" layername="body" frame="0" z_index="7" m_a="-0.326106" m_b="-0.945333" m_c="0.945333" m_d="-0.326106" m_tx="279.245270" m_ty="-209.433960"/>
  </frame>
  <frame idx="600" w="1049" h="702" x="151.141510" y="-491.869080">
   <element name="body" layername="body" frame="0" z_index="9" m_a="-0.100332" m_b="-0.994954" m_c="0.994954" m_d="-0.100332" m_tx="3.000000" m_ty="-340.754730"/>
   <element name="body" layername="body" frame="0" z_index="8" m_a="0.151576" m_b="-0.988446" m_c="0.988446" m_d="0.151576" m_tx="-277.358490" m_ty="-201.886795"/>
   <element name="body" layername="body" frame="0" z_index="7" m_a="-0.142180" m_b="-0.989841" m_c="0.989841" m_d="-0.142180" m_tx="279.245270" m_ty="-209.433960"/>
  </frame>
  <frame idx="625" w="1073" h="745" x="161.141510" y="-434.058228">
   <element name="body" layername="body" frame="0" z_index="9" m_a="0.104654" m_b="-0.994509" m_c="0.994509" m_d="0.104654" m_tx="3.000000" m_ty="-340.754730"/>
   <element name="body" layername="body" frame="0" z_index="8" m_a="0.349613" m_b="-0.936894" m_c="0.936894" m_d="0.349613" m_tx="-277.358490" m_ty="-201.886795"/>
   <element name="body" layername="body" frame="0" z_index="7" m_a="0.046837" m_b="-0.998903" m_c="0.998903" m_d="0.046837" m_tx="279.245270" m_ty="-209.433960"/>
  </frame>
  <frame idx="650" w="1144" h="807" x="190.641510" y="-392.164673">
   <element name="body" layername="body" frame="0" z_index="9" m_a="0.305242" m_b="-0.952275" m_c="0.952275" m_d="0.305242" m_tx="3.000000" m_ty="-340.754730"/>
   <element name="body" layername="body" frame="0" z_index="8" m_a="0.533010" m_b="-0.846109" m_c="0.846109" m_d="0.533010" m_tx="-277.358490" m_ty="-201.886795"/>
   <element name="body" layername="body" frame="0" z_index="7" m_a="0.234177" m_b="-0.972194" m_c="0.972194" m_d="0.234177" m_tx="279.245270" m_ty="-209.433960"/>
  </frame>
  <frame idx="675" w="1176" h="821" x="203.641510" y="-354.058716">
   <element name="body" layername="body" frame="0" z_index="9" m_a="0.445193" m_b="-0.872010" m_c="0.872312" m_d="0.445347" m_tx="3.000000" m_ty="-340.754730"/>
   <element name="body" layername="body" frame="0" z_index="8" m_a="0.643306" m_b="-0.737935" m_c="0.738348" m_d="0.643666" m_tx="-277.358490" m_ty="-201.886795"/>
   <element name="body" layername="body" frame="0" z_index="7" m_a="0.372906" m_b="-0.906284" m_c="0.906556" m_d="0.373018" m_tx="279.245270" m_ty="-209.433960"/>
  </frame>
  <frame idx="700" w="1162" h="784" x="197.641510" y="-333.544434">
   <element name="body" layername="body" frame="0" z_index="9" m_a="0.486520" m_b="-0.781974" m_c="0.783060" m_d="0.487196" m_tx="3.000000" m_ty="-340.754730"/>
   <element name="body" layername="body" frame="0" z_index="8" m_a="0.649165" m_b="-0.652714" m_c="0.654181" m_d="0.650624" m_tx="-277.358490" m_ty="-201.886795"/>
   <element name="body" layername="body" frame="0" z_index="7" m_a="0.427844" m_b="-0.819498" m_c="0.820483" m_d="0.428358" m_tx="279.245270" m_ty="-209.433960"/>
  </frame>
  <frame idx="725" w="1142" h="744" x="189.641510" y="-313.370239">
   <element name="body" layername="body" frame="0" z_index="9" m_a="0.516043" m_b="-0.691539" m_c="0.693317" m_d="0.517371" m_tx="3.000000" m_ty="-340.754730"/>
   <element name="body" layername="body" frame="0" z_index="8" m_a="0.646789" m_b="-0.570085" m_c="0.572458" m_d="0.649482" m_tx="-277.358490" m_ty="-201.886795"/>
   <element name="body" layername="body" frame="0" z_index="7" m_a="0.470328" m_b="-0.730623" m_c="0.732244" m_d="0.471372" m_tx="279.245270" m_ty="-209.433960"/>
  </frame>
  <frame idx="750" w="1117" h="700" x="179.141510" y="-295.568298">
   <element name="body" layername="body" frame="0" z_index="9" m_a="0.534019" m_b="-0.602034" m_c="0.604398" m_d="0.536116" m_tx="3.000000" m_ty="-340.754730"/>
   <element name="body" layername="body" frame="0" z_index="8" m_a="0.636556" m_b="-0.490748" m_c="0.493868" m_d="0.640603" m_tx="-277.358490" m_ty="-201.886795"/>
   <element name="body" layername="body" frame="0" z_index="7" m_a="0.500467" m_b="-0.641179" m_c="0.643343" m_d="0.502156" m_tx="279.245270" m_ty="-209.433960"/>
  </frame>
  <frame idx="775" w="1086" h="655" x="166.641510" y="-279.151306">
   <element name="body" layername="body" frame="0" z_index="9" m_a="0.540842" m_b="-0.514741" m_c="0.517568" m_d="0.543812" m_tx="3.000000" m_ty="-340.754730"/>
   <element name="body" layername="body" frame="0" z_index="8" m_a="0.618896" m_b="-0.415366" m_c="0.419062" m_d="0.624403" m_tx="-277.358490" m_ty="-201.886795"/>
   <element name="body" layername="body" frame="0" z_index="7" m_a="0.518541" m_b="-0.552651" m_c="0.555249" m_d="0.520978" m_tx="279.245270" m_ty="-209.433960"/>
  </frame>
  <frame idx="800" w="1051" h="608" x="152.141510" y="-265.107178">
   <element name="body" layername="body" frame="0" z_index="9" m_a="0.537041" m_b="-0.430881" m_c="0.434036" m_d="0.540972" m_tx="3.000000" m_ty="-340.754730"/>
   <element name="body" layername="body" frame="0" z_index="8" m_a="0.594297" m_b="-0.344559" m_c="0.348648" m_d="0.601350" m_tx="-277.358490" m_ty="-201.886795"/>
   <element name="body" layername="body" frame="0" z_index="7" m_a="0.524997" m_b="-0.466462" m_c="0.469370" m_d="0.528270" m_tx="279.245270" m_ty="-209.433960"/>
  </frame>
  <frame idx="825" w="1012" h="560" x="136.641510" y="-252.393585">
   <element name="body" layername="body" frame="0" z_index="9" m_a="0.523265" m_b="-0.351597" m_c="0.354933" m_d="0.528229" m_tx="3.000000" m_ty="-340.754730"/>
   <element name="body" layername="body" frame="0" z_index="8" m_a="0.563289" m_b="-0.278898" m_c="0.283191" m_d="0.571959" m_tx="-277.358490" m_ty="-201.886795"/>
   <element name="body" layername="body" frame="0" z_index="7" m_a="0.520436" m_b="-0.383959" m_c="0.387044" m_d="0.524617" m_tx="279.245270" m_ty="-209.433960"/>
  </frame>
  <frame idx="850" w="972" h="512" x="119.641510" y="-242.933411">
   <element name="body" layername="body" frame="0" z_index="9" m_a="0.500281" m_b="-0.277947" m_c="0.281308" m_d="0.506332" m_tx="3.000000" m_ty="-340.754730"/>
   <element name="body" layername="body" frame="0" z_index="8" m_a="0.526452" m_b="-0.218905" m_c="0.223203" m_d="0.536789" m_tx="-277.358490" m_ty="-201.886795"/>
   <element name="body" layername="body" frame="0" z_index="7" m_a="0.505607" m_b="-0.306398" m_c="0.309515" m_d="0.510750" m_tx="279.245270" m_ty="-209.433960"/>
  </frame>
  <frame idx="875" w="930" h="465" x="102.641510" y="-235.610046">
   <element name="body" layername="body" frame="0" z_index="9" m_a="0.468961" m_b="-0.210888" m_c="0.214113" m_d="0.476132" m_tx="3.000000" m_ty="-340.754730"/>
   <element name="body" layername="body" frame="0" z_index="8" m_a="0.484400" m_b="-0.165046" m_c="0.169147" m_d="0.496437" m_tx="-277.358490" m_ty="-201.886795"/>
   <element name="body" layername="body" frame="0" z_index="7" m_a="0.481392" m_b="-0.234928" m_c="0.237924" m_d="0.487530" m_tx="279.245270" m_ty="-209.433960"/>
  </frame>
  <frame idx="900" w="887" h="418" x="85.141510" y="-230.263733">
   <element name="body" layername="body" frame="0" z_index="9" m_a="0.430269" m_b="-0.151273" m_c="0.154192" m_d="0.438573" m_tx="3.000000" m_ty="-340.754730"/>
   <element name="body" layername="body" frame="0" z_index="8" m_a="0.437788" m_b="-0.117732" m_c="0.121429" m_d="0.451537" m_tx="-277.358490" m_ty="-201.886795"/>
   <element name="body" layername="body" frame="0" z_index="7" m_a="0.448792" m_b="-0.170575" m_c="0.173292" m_d="0.455940" m_tx="279.245270" m_ty="-209.433960"/>
  </frame>
  <frame idx="925" w="844" h="374" x="67.641510" y="-227.687775">
   <element name="body" layername="body" frame="0" z_index="9" m_a="0.385251" m_b="-0.099833" m_c="0.102277" m_d="0.394682" m_tx="3.000000" m_ty="-340.754730"/>
   <element name="body" layername="body" frame="0" z_index="8" m_a="0.387298" m_b="-0.077313" m_c="0.080398" m_d="0.402751" m_tx="-277.358490" m_ty="-201.886795"/>
   <element name="body" layername="body" frame="0" z_index="7" m_a="0.408915" m_b="-0.114232" m_c="0.116510" m_d="0.417067" m_tx="279.245270" m_ty="-209.433960"/>
  </frame>
  <frame idx="950" w="803" h="335" x="51.141510" y="-227.125702">
   <element name="body" layername="body" frame="0" z_index="9" m_a="0.335022" m_b="-0.057177" m_c="0.058975" m_d="0.345553" m_tx="3.000000" m_ty="-340.754730"/>
   <element name="body" layername="body" frame="0" z_index="8" m_a="0.333636" m_b="-0.044078" m_c="0.046341" m_d="0.350767" m_tx="-277.358490" m_ty="-201.886795"/>
   <element name="body" layername="body" frame="0" z_index="7" m_a="0.362959" m_b="-0.066650" m_c="0.068326" m_d="0.372087" m_tx="279.245270" m_ty="-209.433960"/>
  </frame>
  <frame idx="975" w="764" h="297" x="34.641510" y="-228.768951">
   <element name="body" layername="body" frame="0" z_index="9" m_a="0.280750" m_b="-0.023786" m_c="0.024767" m_d="0.292332" m_tx="3.000000" m_ty="-340.754730"/>
   <element name="body" layername="body" frame="0" z_index="8" m_a="0.277532" m_b="-0.018254" m_c="0.019488" m_d="0.296292" m_tx="-277.358490" m_ty="-201.886795"/>
   <element name="body" layername="body" frame="0" z_index="7" m_a="0.312193" m_b="-0.028426" m_c="0.029342" m_d="0.322249" m_tx="279.245270" m_ty="-209.433960"/>
  </frame>
 </anim>
 <anim name="idle_up" root="gate_of_babylon_attack_fx" numframes="1000" framerate="40">
  <frame idx="0" w="726" h="263" x="19.641510" y="-233.254730">
   <element name="body" layername="body" frame="0" z_index="9" m_a="0.223645" m_b="0.000000" m_c="0.000000" m_d="0.236209" m_tx="3.000000" m_ty="-340.754730"/>
   <element name="body" layername="body" frame="0" z_index="8" m_a="0.219728" m_b="0.000000" m_c="0.000000" m_d="0.240050" m_tx="-277.358490" m_ty="-201.886795"/>
   <element name="body" layername="body" frame="0" z_index="7" m_a="0.257941" m_b="0.000000" m_c="0.000000" m_d="0.268856" m_tx="279.245270" m_ty="-209.433960"/>
  </frame>
  <frame idx="25" w="775" h="312" x="15.457794" y="-213.754730">
   <element name="body" layername="body" frame="0" z_index="9" m_a="0.276945" m_b="0.050891" m_c="-0.052993" m_d="0.288380" m_tx="3.000000" m_ty="-340.754730"/>
   <element name="body" layername="body" frame="0" z_index="8" m_a="0.272369" m_b="0.055457" m_c="-0.059209" m_d="0.290796" m_tx="-277.358490" m_ty="-201.886795"/>
   <element name="body" layername="body" frame="0" z_index="7" m_a="0.307614" m_b="0.059514" m_c="-0.061432" m_d="0.317531" m_tx="279.245270" m_ty="-209.433960"/>
  </frame>
  <frame idx="50" w="824" h="360" x="4.356293" y="-193.754730">
   <element name="body" layername="body" frame="0" z_index="9" m_a="0.317338" m_b="0.120704" m_c="-0.124504" m_d="0.327329" m_tx="3.000000" m_ty="-340.754730"/>
   <element name="body" layername="body" frame="0" z_index="8" m_a="0.309421" m_b="0.131453" m_c="-0.138213" m_d="0.325334" m_tx="-277.358490" m_ty="-201.886795"/>
   <element name="body" layername="body" frame="0" z_index="7" m_a="0.342091" m_b="0.137515" m_c="-0.140978" m_d="0.350707" m_tx="279.245270" m_ty="-209.433960"/>
  </frame>
  <frame idx="75" w="873" h="406" x="-13.853577" y="-174.754730">
   <element name="body" layername="body" frame="0" z_index="9" m_a="0.339835" m_b="0.206115" m_c="-0.211172" m_d="0.348172" m_tx="3.000000" m_ty="-340.754730"/>
   <element name="body" layername="body" frame="0" z_index="8" m_a="0.324946" m_b="0.223548" m_c="-0.232488" m_d="0.337940" m_tx="-277.358490" m_ty="-201.886795"/>
   <element name="body" layername="body" frame="0" z_index="7" m_a="0.356266" m_b="0.230028" m_c="-0.234623" m_d="0.363383" m_tx="279.245270" m_ty="-209.433960"/>
  </frame>
  <frame idx="100" w="913" h="446" x="-38.281708" y="-158.754730">
   <element name="body" layername="body" frame="0" z_index="9" m_a="0.340278" m_b="0.302644" m_c="-0.308502" m_d="0.346863" m_tx="3.000000" m_ty="-340.754730"/>
   <element name="body" layername="body" frame="0" z_index="8" m_a="0.314235" m_b="0.325797" m_c="-0.336058" m_d="0.324132" m_tx="-277.358490" m_ty="-201.886795"/>
   <element name="body" layername="body" frame="0" z_index="7" m_a="0.346057" m_b="0.331840" m_c="-0.337139" m_d="0.351584" m_tx="279.245270" m_ty="-209.433960"/>
  </frame>
  <frame idx="125" w="943" h="476" x="-68.588715" y="-146.754730">
   <element name="body" layername="body" frame="0" z_index="9" m_a="0.315596" m_b="0.404854" m_c="-0.411065" m_d="0.320438" m_tx="3.000000" m_ty="-340.754730"/>
   <element name="body" layername="body" frame="0" z_index="8" m_a="0.274164" m_b="0.431076" m_c="-0.441826" m_d="0.281000" m_tx="-277.358490" m_ty="-201.886795"/>
   <element name="body" layername="body" frame="0" z_index="7" m_a="0.308688" m_b="0.436753" m_c="-0.442341" m_d="0.312637" m_tx="279.245270" m_ty="-209.433960"/>
  </frame>
  <frame idx="150" w="959" h="490" x="-102.647003" y="-140.754730">
   <element name="body" layername="body" frame="0" z_index="9" m_a="0.264003" m_b="0.506605" m_c="-0.512758" m_d="0.267209" m_tx="3.000000" m_ty="-340.754730"/>
   <element name="body" layername="body" frame="0" z_index="8" m_a="0.203462" m_b="0.531490" m_c="-0.541971" m_d="0.207474" m_tx="-277.358490" m_ty="-201.886795"/>
   <element name="body" layername="body" frame="0" z_index="7" m_a="0.242899" m_b="0.537907" m_c="-0.543400" m_d="0.245380" m_tx="279.245270" m_ty="-209.433960"/>
  </frame>
  <frame idx="175" w="955" h="488" x="-138.224121" y="-141.754730">
   <element name="body" layername="body" frame="0" z_index="9" m_a="0.185142" m_b="0.601348" m_c="-0.607083" m_d="0.186908" m_tx="3.000000" m_ty="-340.754730"/>
   <element name="body" layername="body" frame="0" z_index="8" m_a="0.102879" m_b="0.618839" m_c="-0.628414" m_d="0.104471" m_tx="-277.358490" m_ty="-201.886795"/>
   <element name="body" layername="body" frame="0" z_index="7" m_a="0.149093" m_b="0.628132" m_c="-0.633204" m_d="0.150297" m_tx="279.245270" m_ty="-209.433960"/>
  </frame>
  <frame idx="200" w="942" h="467" x="-179.582703" y="-150.254730">
   <element name="body" layername="body" frame="0" z_index="9" m_a="0.080169" m_b="0.682448" m_c="-0.687476" m_d="0.080760" m_tx="3.000000" m_ty="-340.754730"/>
   <element name="body" layername="body" frame="0" z_index="8" m_a="-0.024762" m_b="0.685115" m_c="-0.693299" m_d="-0.025058" m_tx="-277.358490" m_ty="-201.886795"/>
   <element name="body" layername="body" frame="0" z_index="7" m_a="0.029389" m_b="0.700345" m_c="-0.704740" m_d="0.029573" m_tx="279.245270" m_ty="-209.433960"/>
  </frame>
  <frame idx="225" w="1011" h="495" x="-225.504395" y="-157.659119">
   <element name="body" layername="body" frame="0" z_index="9" m_a="-0.048244" m_b="0.743514" m_c="-0.747631" m_d="-0.048511" m_tx="3.000000" m_ty="-340.754730"/>
   <element name="body" layername="body" frame="0" z_index="8" m_a="-0.174627" m_b="0.723001" m_c="-0.729488" m_d="-0.176194" m_tx="-277.358490" m_ty="-201.886795"/>
   <element name="body" layername="body" frame="0" z_index="7" m_a="-0.112404" m_b="0.747940" m_c="-0.751484" m_d="-0.112937" m_tx="279.245270" m_ty="-209.433960"/>
  </frame>
  <frame idx="250" w="1085" h="569" x="-262.292969" y="-186.952454">
   <element name="body" layername="body" frame="0" z_index="9" m_a="-0.195966" m_b="0.778736" m_c="-0.781827" m_d="-0.196744" m_tx="3.000000" m_ty="-340.754730"/>
   <element name="body" layername="body" frame="0" z_index="8" m_a="-0.340057" m_b="0.726360" m_c="-0.731029" m_d="-0.342243" m_tx="-277.358490" m_ty="-201.886795"/>
   <element name="body" layername="body" frame="0" z_index="7" m_a="-0.270908" m_b="0.765175" m_c="-0.767785" m_d="-0.271832" m_tx="279.245270" m_ty="-209.433960"/>
  </frame>
  <frame idx="275" w="1144" h="632" x="-291.932922" y="-226.145935">
   <element name="body" layername="body" frame="0" z_index="9" m_a="-0.357544" m_b="0.783198" m_c="-0.785245" m_d="-0.358478" m_tx="3.000000" m_ty="-340.754730"/>
   <element name="body" layername="body" frame="0" z_index="8" m_a="-0.512856" m_b="0.690658" m_c="-0.693580" m_d="-0.515025" m_tx="-277.358490" m_ty="-201.886795"/>
   <element name="body" layername="body" frame="0" z_index="7" m_a="-0.439379" m_b="0.747528" m_c="-0.749213" m_d="-0.440370" m_tx="279.245270" m_ty="-209.433960"/>
  </frame>
  <frame idx="300" w="1184" h="681" x="-312.733154" y="-273.113892">
   <element name="body" layername="body" frame="0" z_index="9" m_a="-0.526396" m_b="0.753169" m_c="-0.754245" m_d="-0.527148" m_tx="3.000000" m_ty="-340.754730"/>
   <element name="body" layername="body" frame="0" z_index="8" m_a="-0.683687" m_b="0.613332" m_c="-0.614750" m_d="-0.685267" m_tx="-277.358490" m_ty="-201.886795"/>
   <element name="body" layername="body" frame="0" z_index="7" m_a="-0.609989" m_b="0.692003" m_c="-0.692858" m_d="-0.610743" m_tx="279.245270" m_ty="-209.433960"/>
  </frame>
  <frame idx="325" w="1202" h="714" x="-321.116760" y="-326.891968">
   <element name="body" layername="body" frame="0" z_index="9" m_a="-0.695076" m_b="0.686336" m_c="-0.686599" m_d="-0.695343" m_tx="3.000000" m_ty="-340.754730"/>
   <element name="body" layername="body" frame="0" z_index="8" m_a="-0.842542" m_b="0.494047" m_c="-0.494354" m_d="-0.843065" m_tx="-277.358490" m_ty="-201.886795"/>
   <element name="body" layername="body" frame="0" z_index="7" m_a="-0.774169" m_b="0.597370" m_c="-0.597569" m_d="-0.774427" m_tx="279.245270" m_ty="-209.433960"/>
  </frame>
  <frame idx="350" w="1171" h="711" x="-306.143738" y="-384.143188">
   <element name="body" layername="body" frame="0" z_index="9" m_a="-0.834721" m_b="0.550673" m_c="-0.550673" m_d="-0.834721" m_tx="3.000000" m_ty="-340.754730"/>
   <element name="body" layername="body" frame="0" z_index="8" m_a="-0.947011" m_b="0.321203" m_c="-0.321203" m_d="-0.947011" m_tx="-277.358490" m_ty="-201.886795"/>
   <element name="body" layername="body" frame="0" z_index="7" m_a="-0.892902" m_b="0.450251" m_c="-0.450251" m_d="-0.892902" m_tx="279.245270" m_ty="-209.433960"/>
  </frame>
  <frame idx="375" w="1104" h="675" x="-272.065491" y="-437.042542">
   <element name="body" layername="body" frame="0" z_index="9" m_a="-0.929470" m_b="0.368899" m_c="-0.368899" m_d="-0.929470" m_tx="3.000000" m_ty="-340.754730"/>
   <element name="body" layername="body" frame="0" z_index="8" m_a="-0.992567" m_b="0.121701" m_c="-0.121701" m_d="-0.992567" m_tx="-277.358490" m_ty="-201.886795"/>
   <element name="body" layername="body" frame="0" z_index="7" m_a="-0.961736" m_b="0.273979" m_c="-0.273979" m_d="-0.961736" m_tx="279.245270" m_ty="-209.433960"/>
  </frame>
  <frame idx="400" w="1052" h="618" x="-245.981750" y="-482.819824">
   <element name="body" layername="body" frame="0" z_index="9" m_a="-0.985163" m_b="0.171623" m_c="-0.171623" m_d="-0.985163" m_tx="3.000000" m_ty="-340.754730"/>
   <element name="body" layername="body" frame="0" z_index="8" m_a="-0.996558" m_b="-0.082897" m_c="0.082897" m_d="-0.996558" m_tx="-277.358490" m_ty="-201.886795"/>
   <element name="body" layername="body" frame="0" z_index="7" m_a="-0.996130" m_b="0.087897" m_c="-0.087897" m_d="-0.996130" m_tx="279.245270" m_ty="-209.433960"/>
  </frame>
  <frame idx="425" w="1080" h="608" x="-219.885376" y="-505.684082">
   <element name="body" layername="body" frame="0" z_index="9" m_a="-0.999460" m_b="-0.032864" m_c="0.032864" m_d="-0.999460" m_tx="3.000000" m_ty="-340.754730"/>
   <element name="body" layername="body" frame="0" z_index="8" m_a="-0.958817" m_b="-0.284024" m_c="0.284024" m_d="-0.958817" m_tx="-277.358490" m_ty="-201.886795"/>
   <element name="body" layername="body" frame="0" z_index="7" m_a="-0.994853" m_b="-0.101333" m_c="0.101333" m_d="-0.994853" m_tx="279.245270" m_ty="-209.433960"/>
  </frame>
  <frame idx="450" w="1127" h="685" x="-169.228333" y="-544.346619">
   <element name="body" layername="body" frame="0" z_index="9" m_a="-0.971761" m_b="-0.235969" m_c="0.235969" m_d="-0.971761" m_tx="3.000000" m_ty="-340.754730"/>
   <element name="body" layername="body" frame="0" z_index="8" m_a="-0.880925" m_b="-0.473257" m_c="0.473257" m_d="-0.880925" m_tx="-277.358490" m_ty="-201.886795"/>
   <element name="body" layername="body" frame="0" z_index="7" m_a="-0.957950" m_b="-0.286935" m_c="0.286935" m_d="-0.957950" m_tx="279.245270" m_ty="-209.433960"/>
  </frame>
  <frame idx="475" w="1153" h="740" x="-112.315308" y="-571.710083">
   <element name="body" layername="body" frame="0" z_index="9" m_a="-0.903229" m_b="-0.429160" m_c="0.429160" m_d="-0.903229" m_tx="3.000000" m_ty="-340.754730"/>
   <element name="body" layername="body" frame="0" z_index="8" m_a="-0.766142" m_b="-0.642671" m_c="0.642671" m_d="-0.766142" m_tx="-277.358490" m_ty="-201.886795"/>
   <element name="body" layername="body" frame="0" z_index="7" m_a="-0.886744" m_b="-0.462261" m_c="0.462261" m_d="-0.886744" m_tx="279.245270" m_ty="-209.433960"/>
  </frame>
  <frame idx="500" w="1159" h="770" x="-51.569031" y="-586.179199">
   <element name="body" layername="body" frame="0" z_index="9" m_a="-0.796743" m_b="-0.604318" m_c="0.604318" m_d="-0.796743" m_tx="3.000000" m_ty="-340.754730"/>
   <element name="body" layername="body" frame="0" z_index="8" m_a="-0.619276" m_b="-0.785173" m_c="0.785173" m_d="-0.619276" m_tx="-277.358490" m_ty="-201.886795"/>
   <element name="body" layername="body" frame="0" z_index="7" m_a="-0.783784" m_b="-0.621034" m_c="0.621034" m_d="-0.783784" m_tx="279.245270" m_ty="-209.433960"/>
  </frame>
  <frame idx="525" w="1143" h="775" x="11.550446" y="-588.599609">
   <element name="body" layername="body" frame="0" z_index="9" m_a="-0.656780" m_b="-0.754082" m_c="0.754082" m_d="-0.656780" m_tx="3.000000" m_ty="-340.754730"/>
   <element name="body" layername="body" frame="0" z_index="8" m_a="-0.446478" m_b="-0.894795" m_c="0.894795" m_d="-0.446478" m_tx="-277.358490" m_ty="-201.886795"/>
   <element name="body" layername="body" frame="0" z_index="7" m_a="-0.652757" m_b="-0.757568" m_c="0.757568" m_d="-0.652757" m_tx="279.245270" m_ty="-209.433960"/>
  </frame>
  <frame idx="550" w="1107" h="753" x="73.148651" y="-577.806763">
   <element name="body" layername="body" frame="0" z_index="9" m_a="-0.489219" m_b="-0.872161" m_c="0.872161" m_d="-0.489219" m_tx="3.000000" m_ty="-340.754730"/>
   <element name="body" layername="body" frame="0" z_index="8" m_a="-0.254982" m_b="-0.966946" m_c="0.966946" m_d="-0.254982" m_tx="-277.358490" m_ty="-201.886795"/>
   <element name="body" layername="body" frame="0" z_index="7" m_a="-0.498354" m_b="-0.866973" m_c="0.866973" m_d="-0.498354" m_tx="279.245270" m_ty="-209.433960"/>
  </frame>
  <frame idx="575" w="1052" h="706" x="131.518036" y="-554.632141">
   <element name="body" layername="body" frame="0" z_index="9" m_a="-0.301101" m_b="-0.953592" m_c="0.953592" m_d="-0.301101" m_tx="3.000000" m_ty="-340.754730"/>
   <element name="body" layername="body" frame="0" z_index="8" m_a="-0.052809" m_b="-0.998605" m_c="0.998605" m_d="-0.052809" m_tx="-277.358490" m_ty="-201.886795"/>
   <element name="body" layername="body" frame="0" z_index="7" m_a="-0.326106" m_b="-0.945333" m_c="0.945333" m_d="-0.326106" m_tx="279.245270" m_ty="-209.433960"/>
  </frame>
  <frame idx="600" w="1049" h="702" x="151.141510" y="-491.869080">
   <element name="body" layername="body" frame="0" z_index="9" m_a="-0.100332" m_b="-0.994954" m_c="0.994954" m_d="-0.100332" m_tx="3.000000" m_ty="-340.754730"/>
   <element name="body" layername="body" frame="0" z_index="8" m_a="0.151576" m_b="-0.988446" m_c="0.988446" m_d="0.151576" m_tx="-277.358490" m_ty="-201.886795"/>
   <element name="body" layername="body" frame="0" z_index="7" m_a="-0.142180" m_b="-0.989841" m_c="0.989841" m_d="-0.142180" m_tx="279.245270" m_ty="-209.433960"/>
  </frame>
  <frame idx="625" w="1073" h="745" x="161.141510" y="-434.058228">
   <element name="body" layername="body" frame="0" z_index="9" m_a="0.104654" m_b="-0.994509" m_c="0.994509" m_d="0.104654" m_tx="3.000000" m_ty="-340.754730"/>
   <element name="body" layername="body" frame="0" z_index="8" m_a="0.349613" m_b="-0.936894" m_c="0.936894" m_d="0.349613" m_tx="-277.358490" m_ty="-201.886795"/>
   <element name="body" layername="body" frame="0" z_index="7" m_a="0.046837" m_b="-0.998903" m_c="0.998903" m_d="0.046837" m_tx="279.245270" m_ty="-209.433960"/>
  </frame>
  <frame idx="650" w="1144" h="807" x="190.641510" y="-392.164673">
   <element name="body" layername="body" frame="0" z_index="9" m_a="0.305242" m_b="-0.952275" m_c="0.952275" m_d="0.305242" m_tx="3.000000" m_ty="-340.754730"/>
   <element name="body" layername="body" frame="0" z_index="8" m_a="0.533010" m_b="-0.846109" m_c="0.846109" m_d="0.533010" m_tx="-277.358490" m_ty="-201.886795"/>
   <element name="body" layername="body" frame="0" z_index="7" m_a="0.234177" m_b="-0.972194" m_c="0.972194" m_d="0.234177" m_tx="279.245270" m_ty="-209.433960"/>
  </frame>
  <frame idx="675" w="1176" h="821" x="203.641510" y="-354.058716">
   <element name="body" layername="body" frame="0" z_index="9" m_a="0.445193" m_b="-0.872010" m_c="0.872312" m_d="0.445347" m_tx="3.000000" m_ty="-340.754730"/>
   <element name="body" layername="body" frame="0" z_index="8" m_a="0.643306" m_b="-0.737935" m_c="0.738348" m_d="0.643666" m_tx="-277.358490" m_ty="-201.886795"/>
   <element name="body" layername="body" frame="0" z_index="7" m_a="0.372906" m_b="-0.906284" m_c="0.906556" m_d="0.373018" m_tx="279.245270" m_ty="-209.433960"/>
  </frame>
  <frame idx="700" w="1162" h="784" x="197.641510" y="-333.544434">
   <element name="body" layername="body" frame="0" z_index="9" m_a="0.486520" m_b="-0.781974" m_c="0.783060" m_d="0.487196" m_tx="3.000000" m_ty="-340.754730"/>
   <element name="body" layername="body" frame="0" z_index="8" m_a="0.649165" m_b="-0.652714" m_c="0.654181" m_d="0.650624" m_tx="-277.358490" m_ty="-201.886795"/>
   <element name="body" layername="body" frame="0" z_index="7" m_a="0.427844" m_b="-0.819498" m_c="0.820483" m_d="0.428358" m_tx="279.245270" m_ty="-209.433960"/>
  </frame>
  <frame idx="725" w="1142" h="744" x="189.641510" y="-313.370239">
   <element name="body" layername="body" frame="0" z_index="9" m_a="0.516043" m_b="-0.691539" m_c="0.693317" m_d="0.517371" m_tx="3.000000" m_ty="-340.754730"/>
   <element name="body" layername="body" frame="0" z_index="8" m_a="0.646789" m_b="-0.570085" m_c="0.572458" m_d="0.649482" m_tx="-277.358490" m_ty="-201.886795"/>
   <element name="body" layername="body" frame="0" z_index="7" m_a="0.470328" m_b="-0.730623" m_c="0.732244" m_d="0.471372" m_tx="279.245270" m_ty="-209.433960"/>
  </frame>
  <frame idx="750" w="1117" h="700" x="179.141510" y="-295.568298">
   <element name="body" layername="body" frame="0" z_index="9" m_a="0.534019" m_b="-0.602034" m_c="0.604398" m_d="0.536116" m_tx="3.000000" m_ty="-340.754730"/>
   <element name="body" layername="body" frame="0" z_index="8" m_a="0.636556" m_b="-0.490748" m_c="0.493868" m_d="0.640603" m_tx="-277.358490" m_ty="-201.886795"/>
   <element name="body" layername="body" frame="0" z_index="7" m_a="0.500467" m_b="-0.641179" m_c="0.643343" m_d="0.502156" m_tx="279.245270" m_ty="-209.433960"/>
  </frame>
  <frame idx="775" w="1086" h="655" x="166.641510" y="-279.151306">
   <element name="body" layername="body" frame="0" z_index="9" m_a="0.540842" m_b="-0.514741" m_c="0.517568" m_d="0.543812" m_tx="3.000000" m_ty="-340.754730"/>
   <element name="body" layername="body" frame="0" z_index="8" m_a="0.618896" m_b="-0.415366" m_c="0.419062" m_d="0.624403" m_tx="-277.358490" m_ty="-201.886795"/>
   <element name="body" layername="body" frame="0" z_index="7" m_a="0.518541" m_b="-0.552651" m_c="0.555249" m_d="0.520978" m_tx="279.245270" m_ty="-209.433960"/>
  </frame>
  <frame idx="800" w="1051" h="608" x="152.141510" y="-265.107178">
   <element name="body" layername="body" frame="0" z_index="9" m_a="0.537041" m_b="-0.430881" m_c="0.434036" m_d="0.540972" m_tx="3.000000" m_ty="-340.754730"/>
   <element name="body" layername="body" frame="0" z_index="8" m_a="0.594297" m_b="-0.344559" m_c="0.348648" m_d="0.601350" m_tx="-277.358490" m_ty="-201.886795"/>
   <element name="body" layername="body" frame="0" z_index="7" m_a="0.524997" m_b="-0.466462" m_c="0.469370" m_d="0.528270" m_tx="279.245270" m_ty="-209.433960"/>
  </frame>
  <frame idx="825" w="1012" h="560" x="136.641510" y="-252.393585">
   <element name="body" layername="body" frame="0" z_index="9" m_a="0.523265" m_b="-0.351597" m_c="0.354933" m_d="0.528229" m_tx="3.000000" m_ty="-340.754730"/>
   <element name="body" layername="body" frame="0" z_index="8" m_a="0.563289" m_b="-0.278898" m_c="0.283191" m_d="0.571959" m_tx="-277.358490" m_ty="-201.886795"/>
   <element name="body" layername="body" frame="0" z_index="7" m_a="0.520436" m_b="-0.383959" m_c="0.387044" m_d="0.524617" m_tx="279.245270" m_ty="-209.433960"/>
  </frame>
  <frame idx="850" w="972" h="512" x="119.641510" y="-242.933411">
   <element name="body" layername="body" frame="0" z_index="9" m_a="0.500281" m_b="-0.277947" m_c="0.281308" m_d="0.506332" m_tx="3.000000" m_ty="-340.754730"/>
   <element name="body" layername="body" frame="0" z_index="8" m_a="0.526452" m_b="-0.218905" m_c="0.223203" m_d="0.536789" m_tx="-277.358490" m_ty="-201.886795"/>
   <element name="body" layername="body" frame="0" z_index="7" m_a="0.505607" m_b="-0.306398" m_c="0.309515" m_d="0.510750" m_tx="279.245270" m_ty="-209.433960"/>
  </frame>
  <frame idx="875" w="930" h="465" x="102.641510" y="-235.610046">
   <element name="body" layername="body" frame="0" z_index="9" m_a="0.468961" m_b="-0.210888" m_c="0.214113" m_d="0.476132" m_tx="3.000000" m_ty="-340.754730"/>
   <element name="body" layername="body" frame="0" z_index="8" m_a="0.484400" m_b="-0.165046" m_c="0.169147" m_d="0.496437" m_tx="-277.358490" m_ty="-201.886795"/>
   <element name="body" layername="body" frame="0" z_index="7" m_a="0.481392" m_b="-0.234928" m_c="0.237924" m_d="0.487530" m_tx="279.245270" m_ty="-209.433960"/>
  </frame>
  <frame idx="900" w="887" h="418" x="85.141510" y="-230.263733">
   <element name="body" layername="body" frame="0" z_index="9" m_a="0.430269" m_b="-0.151273" m_c="0.154192" m_d="0.438573" m_tx="3.000000" m_ty="-340.754730"/>
   <element name="body" layername="body" frame="0" z_index="8" m_a="0.437788" m_b="-0.117732" m_c="0.121429" m_d="0.451537" m_tx="-277.358490" m_ty="-201.886795"/>
   <element name="body" layername="body" frame="0" z_index="7" m_a="0.448792" m_b="-0.170575" m_c="0.173292" m_d="0.455940" m_tx="279.245270" m_ty="-209.433960"/>
  </frame>
  <frame idx="925" w="844" h="374" x="67.641510" y="-227.687775">
   <element name="body" layername="body" frame="0" z_index="9" m_a="0.385251" m_b="-0.099833" m_c="0.102277" m_d="0.394682" m_tx="3.000000" m_ty="-340.754730"/>
   <element name="body" layername="body" frame="0" z_index="8" m_a="0.387298" m_b="-0.077313" m_c="0.080398" m_d="0.402751" m_tx="-277.358490" m_ty="-201.886795"/>
   <element name="body" layername="body" frame="0" z_index="7" m_a="0.408915" m_b="-0.114232" m_c="0.116510" m_d="0.417067" m_tx="279.245270" m_ty="-209.433960"/>
  </frame>
  <frame idx="950" w="803" h="335" x="51.141510" y="-227.125702">
   <element name="body" layername="body" frame="0" z_index="9" m_a="0.335022" m_b="-0.057177" m_c="0.058975" m_d="0.345553" m_tx="3.000000" m_ty="-340.754730"/>
   <element name="body" layername="body" frame="0" z_index="8" m_a="0.333636" m_b="-0.044078" m_c="0.046341" m_d="0.350767" m_tx="-277.358490" m_ty="-201.886795"/>
   <element name="body" layername="body" frame="0" z_index="7" m_a="0.362959" m_b="-0.066650" m_c="0.068326" m_d="0.372087" m_tx="279.245270" m_ty="-209.433960"/>
  </frame>
  <frame idx="975" w="764" h="297" x="34.641510" y="-228.768951">
   <element name="body" layername="body" frame="0" z_index="9" m_a="0.280750" m_b="-0.023786" m_c="0.024767" m_d="0.292332" m_tx="3.000000" m_ty="-340.754730"/>
   <element name="body" layername="body" frame="0" z_index="8" m_a="0.277532" m_b="-0.018254" m_c="0.019488" m_d="0.296292" m_tx="-277.358490" m_ty="-201.886795"/>
   <element name="body" layername="body" frame="0" z_index="7" m_a="0.312193" m_b="-0.028426" m_c="0.029342" m_d="0.322249" m_tx="279.245270" m_ty="-209.433960"/>
  </frame>
 </anim>
 <anim name="idle_side" root="gate_of_babylon_attack_fx" numframes="1000" framerate="40">
  <frame idx="0" w="374" h="487" x="0.169815" y="-288.292450">
   <element name="body" layername="body" frame="1" z_index="9" m_a="0.414059" m_b="0.000000" m_c="0.000000" m_d="0.414059" m_tx="-152.830185" m_ty="-211.320755"/>
   <element name="body" layername="body" frame="1" z_index="8" m_a="0.432880" m_b="0.000000" m_c="0.000000" m_d="0.479932" m_tx="-90.566040" m_ty="-392.452820"/>
   <element name="body" layername="body" frame="1" z_index="7" m_a="0.470522" m_b="0.000000" m_c="0.000000" m_d="0.517574" m_tx="-1.886792" m_ty="-486.792450"/>
  </frame>
  <frame idx="25" w="433" h="550" x="23.669815" y="-261.792450">
   <element name="body" layername="body" frame="1" z_index="9" m_a="0.560544" m_b="0.000000" m_c="0.000000" m_d="0.560544" m_tx="-152.830185" m_ty="-211.320755"/>
   <element name="body" layername="body" frame="1" z_index="8" m_a="0.574660" m_b="0.000000" m_c="0.000000" m_d="0.609949" m_tx="-90.566040" m_ty="-392.452820"/>
   <element name="body" layername="body" frame="1" z_index="7" m_a="0.602892" m_b="0.000000" m_c="0.000000" m_d="0.638180" m_tx="-1.886792" m_ty="-486.792450"/>
  </frame>
  <frame idx="50" w="491" h="615" x="47.669815" y="-235.292450">
   <element name="body" layername="body" frame="1" z_index="9" m_a="0.707030" m_b="0.000000" m_c="0.000000" m_d="0.707030" m_tx="-152.830185" m_ty="-211.320755"/>
   <element name="body" layername="body" frame="1" z_index="8" m_a="0.716440" m_b="0.000000" m_c="0.000000" m_d="0.739966" m_tx="-90.566040" m_ty="-392.452820"/>
   <element name="body" layername="body" frame="1" z_index="7" m_a="0.735261" m_b="0.000000" m_c="0.000000" m_d="0.758787" m_tx="-1.886792" m_ty="-486.792450"/>
  </frame>
  <frame idx="75" w="548" h="679" x="71.169815" y="-209.292450">
   <element name="body" layername="body" frame="1" z_index="9" m_a="0.853515" m_b="0.000000" m_c="0.000000" m_d="0.853515" m_tx="-152.830185" m_ty="-211.320755"/>
   <element name="body" layername="body" frame="1" z_index="8" m_a="0.858220" m_b="0.000000" m_c="0.000000" m_d="0.869983" m_tx="-90.566040" m_ty="-392.452820"/>
   <element name="body" layername="body" frame="1" z_index="7" m_a="0.867630" m_b="0.000000" m_c="0.000000" m_d="0.879394" m_tx="-1.886792" m_ty="-486.792450"/>
  </frame>
  <frame idx="100" w="607" h="744" x="94.669815" y="-182.792450">
   <element name="body" layername="body" frame="2" z_index="9" m_a="1.000000" m_b="0.000000" m_c="0.000000" m_d="1.000000" m_tx="-152.830185" m_ty="-211.320755"/>
   <element name="body" layername="body" frame="2" z_index="8" m_a="1.000000" m_b="0.000000" m_c="0.000000" m_d="1.000000" m_tx="-90.566040" m_ty="-392.452820"/>
   <element name="body" layername="body" frame="2" z_index="7" m_a="1.000000" m_b="0.000000" m_c="0.000000" m_d="1.000000" m_tx="-1.886792" m_ty="-486.792450"/>
  </frame>
  <frame idx="125" w="607" h="744" x="94.669815" y="-182.792450">
   <element name="body" layername="body" frame="2" z_index="9" m_a="1.000000" m_b="0.000000" m_c="0.000000" m_d="1.000000" m_tx="-152.830185" m_ty="-211.320755"/>
   <element name="body" layername="body" frame="2" z_index="8" m_a="1.000000" m_b="0.000000" m_c="0.000000" m_d="1.000000" m_tx="-90.566040" m_ty="-392.452820"/>
   <element name="body" layername="body" frame="2" z_index="7" m_a="1.000000" m_b="0.000000" m_c="0.000000" m_d="1.000000" m_tx="-1.886792" m_ty="-486.792450"/>
  </frame>
  <frame idx="150" w="607" h="744" x="94.669815" y="-182.792450">
   <element name="body" layername="body" frame="2" z_index="9" m_a="1.000000" m_b="0.000000" m_c="0.000000" m_d="1.000000" m_tx="-152.830185" m_ty="-211.320755"/>
   <element name="body" layername="body" frame="2" z_index="8" m_a="1.000000" m_b="0.000000" m_c="0.000000" m_d="1.000000" m_tx="-90.566040" m_ty="-392.452820"/>
   <element name="body" layername="body" frame="2" z_index="7" m_a="1.000000" m_b="0.000000" m_c="0.000000" m_d="1.000000" m_tx="-1.886792" m_ty="-486.792450"/>
  </frame>
  <frame idx="175" w="607" h="744" x="94.669815" y="-182.792450">
   <element name="body" layername="body" frame="2" z_index="9" m_a="1.000000" m_b="0.000000" m_c="0.000000" m_d="1.000000" m_tx="-152.830185" m_ty="-211.320755"/>
   <element name="body" layername="body" frame="2" z_index="8" m_a="1.000000" m_b="0.000000" m_c="0.000000" m_d="1.000000" m_tx="-90.566040" m_ty="-392.452820"/>
   <element name="body" layername="body" frame="2" z_index="7" m_a="1.000000" m_b="0.000000" m_c="0.000000" m_d="1.000000" m_tx="-1.886792" m_ty="-486.792450"/>
  </frame>
  <frame idx="200" w="607" h="744" x="94.669815" y="-182.792450">
   <element name="body" layername="body" frame="3" z_index="9" m_a="1.000000" m_b="0.000000" m_c="0.000000" m_d="1.000000" m_tx="-152.830185" m_ty="-211.320755"/>
   <element name="body" layername="body" frame="3" z_index="8" m_a="1.000000" m_b="0.000000" m_c="0.000000" m_d="1.000000" m_tx="-90.566040" m_ty="-392.452820"/>
   <element name="body" layername="body" frame="3" z_index="7" m_a="1.000000" m_b="0.000000" m_c="0.000000" m_d="1.000000" m_tx="-1.886792" m_ty="-486.792450"/>
  </frame>
  <frame idx="225" w="607" h="744" x="94.669815" y="-182.792450">
   <element name="body" layername="body" frame="3" z_index="9" m_a="1.000000" m_b="0.000000" m_c="0.000000" m_d="1.000000" m_tx="-152.830185" m_ty="-211.320755"/>
   <element name="body" layername="body" frame="3" z_index="8" m_a="1.000000" m_b="0.000000" m_c="0.000000" m_d="1.000000" m_tx="-90.566040" m_ty="-392.452820"/>
   <element name="body" layername="body" frame="3" z_index="7" m_a="1.000000" m_b="0.000000" m_c="0.000000" m_d="1.000000" m_tx="-1.886792" m_ty="-486.792450"/>
  </frame>
  <frame idx="250" w="607" h="744" x="94.669815" y="-182.792450">
   <element name="body" layername="body" frame="3" z_index="9" m_a="1.000000" m_b="0.000000" m_c="0.000000" m_d="1.000000" m_tx="-152.830185" m_ty="-211.320755"/>
   <element name="body" layername="body" frame="3" z_index="8" m_a="1.000000" m_b="0.000000" m_c="0.000000" m_d="1.000000" m_tx="-90.566040" m_ty="-392.452820"/>
   <element name="body" layername="body" frame="3" z_index="7" m_a="1.000000" m_b="0.000000" m_c="0.000000" m_d="1.000000" m_tx="-1.886792" m_ty="-486.792450"/>
  </frame>
  <frame idx="275" w="607" h="744" x="94.669815" y="-182.792450">
   <element name="body" layername="body" frame="3" z_index="9" m_a="1.000000" m_b="0.000000" m_c="0.000000" m_d="1.000000" m_tx="-152.830185" m_ty="-211.320755"/>
   <element name="body" layername="body" frame="3" z_index="8" m_a="1.000000" m_b="0.000000" m_c="0.000000" m_d="1.000000" m_tx="-90.566040" m_ty="-392.452820"/>
   <element name="body" layername="body" frame="3" z_index="7" m_a="1.000000" m_b="0.000000" m_c="0.000000" m_d="1.000000" m_tx="-1.886792" m_ty="-486.792450"/>
  </frame>
  <frame idx="300" w="607" h="744" x="94.669815" y="-182.792450">
   <element name="body" layername="body" frame="1" z_index="9" m_a="1.000000" m_b="0.000000" m_c="0.000000" m_d="1.000000" m_tx="-152.830185" m_ty="-211.320755"/>
   <element name="body" layername="body" frame="1" z_index="8" m_a="1.000000" m_b="0.000000" m_c="0.000000" m_d="1.000000" m_tx="-90.566040" m_ty="-392.452820"/>
   <element name="body" layername="body" frame="1" z_index="7" m_a="1.000000" m_b="0.000000" m_c="0.000000" m_d="1.000000" m_tx="-1.886792" m_ty="-486.792450"/>
  </frame>
  <frame idx="325" w="607" h="744" x="94.669815" y="-182.792450">
   <element name="body" layername="body" frame="1" z_index="9" m_a="1.000000" m_b="0.000000" m_c="0.000000" m_d="1.000000" m_tx="-152.830185" m_ty="-211.320755"/>
   <element name="body" layername="body" frame="1" z_index="8" m_a="1.000000" m_b="0.000000" m_c="0.000000" m_d="1.000000" m_tx="-90.566040" m_ty="-392.452820"/>
   <element name="body" layername="body" frame="1" z_index="7" m_a="1.000000" m_b="0.000000" m_c="0.000000" m_d="1.000000" m_tx="-1.886792" m_ty="-486.792450"/>
  </frame>
  <frame idx="350" w="607" h="744" x="94.669815" y="-182.792450">
   <element name="body" layername="body" frame="1" z_index="9" m_a="1.000000" m_b="0.000000" m_c="0.000000" m_d="1.000000" m_tx="-152.830185" m_ty="-211.320755"/>
   <element name="body" layername="body" frame="1" z_index="8" m_a="1.000000" m_b="0.000000" m_c="0.000000" m_d="1.000000" m_tx="-90.566040" m_ty="-392.452820"/>
   <element name="body" layername="body" frame="1" z_index="7" m_a="1.000000" m_b="0.000000" m_c="0.000000" m_d="1.000000" m_tx="-1.886792" m_ty="-486.792450"/>
  </frame>
  <frame idx="375" w="607" h="744" x="94.669815" y="-182.792450">
   <element name="body" layername="body" frame="1" z_index="9" m_a="1.000000" m_b="0.000000" m_c="0.000000" m_d="1.000000" m_tx="-152.830185" m_ty="-211.320755"/>
   <element name="body" layername="body" frame="1" z_index="8" m_a="1.000000" m_b="0.000000" m_c="0.000000" m_d="1.000000" m_tx="-90.566040" m_ty="-392.452820"/>
   <element name="body" layername="body" frame="1" z_index="7" m_a="1.000000" m_b="0.000000" m_c="0.000000" m_d="1.000000" m_tx="-1.886792" m_ty="-486.792450"/>
  </frame>
  <frame idx="400" w="607" h="744" x="94.669815" y="-182.792450">
   <element name="body" layername="body" frame="2" z_index="9" m_a="1.000000" m_b="0.000000" m_c="0.000000" m_d="1.000000" m_tx="-152.830185" m_ty="-211.320755"/>
   <element name="body" layername="body" frame="2" z_index="8" m_a="1.000000" m_b="0.000000" m_c="0.000000" m_d="1.000000" m_tx="-90.566040" m_ty="-392.452820"/>
   <element name="body" layername="body" frame="2" z_index="7" m_a="1.000000" m_b="0.000000" m_c="0.000000" m_d="1.000000" m_tx="-1.886792" m_ty="-486.792450"/>
  </frame>
  <frame idx="425" w="607" h="744" x="94.669815" y="-182.792450">
   <element name="body" layername="body" frame="2" z_index="9" m_a="1.000000" m_b="0.000000" m_c="0.000000" m_d="1.000000" m_tx="-152.830185" m_ty="-211.320755"/>
   <element name="body" layername="body" frame="2" z_index="8" m_a="1.000000" m_b="0.000000" m_c="0.000000" m_d="1.000000" m_tx="-90.566040" m_ty="-392.452820"/>
   <element name="body" layername="body" frame="2" z_index="7" m_a="1.000000" m_b="0.000000" m_c="0.000000" m_d="1.000000" m_tx="-1.886792" m_ty="-486.792450"/>
  </frame>
  <frame idx="450" w="607" h="744" x="94.669815" y="-182.792450">
   <element name="body" layername="body" frame="2" z_index="9" m_a="1.000000" m_b="0.000000" m_c="0.000000" m_d="1.000000" m_tx="-152.830185" m_ty="-211.320755"/>
   <element name="body" layername="body" frame="2" z_index="8" m_a="1.000000" m_b="0.000000" m_c="0.000000" m_d="1.000000" m_tx="-90.566040" m_ty="-392.452820"/>
   <element name="body" layername="body" frame="2" z_index="7" m_a="1.000000" m_b="0.000000" m_c="0.000000" m_d="1.000000" m_tx="-1.886792" m_ty="-486.792450"/>
  </frame>
  <frame idx="475" w="607" h="744" x="94.669815" y="-182.792450">
   <element name="body" layername="body" frame="2" z_index="9" m_a="1.000000" m_b="0.000000" m_c="0.000000" m_d="1.000000" m_tx="-152.830185" m_ty="-211.320755"/>
   <element name="body" layername="body" frame="2" z_index="8" m_a="1.000000" m_b="0.000000" m_c="0.000000" m_d="1.000000" m_tx="-90.566040" m_ty="-392.452820"/>
   <element name="body" layername="body" frame="2" z_index="7" m_a="1.000000" m_b="0.000000" m_c="0.000000" m_d="1.000000" m_tx="-1.886792" m_ty="-486.792450"/>
  </frame>
  <frame idx="500" w="607" h="744" x="94.669815" y="-182.792450">
   <element name="body" layername="body" frame="3" z_index="9" m_a="1.000000" m_b="0.000000" m_c="0.000000" m_d="1.000000" m_tx="-152.830185" m_ty="-211.320755"/>
   <element name="body" layername="body" frame="3" z_index="8" m_a="1.000000" m_b="0.000000" m_c="0.000000" m_d="1.000000" m_tx="-90.566040" m_ty="-392.452820"/>
   <element name="body" layername="body" frame="3" z_index="7" m_a="1.000000" m_b="0.000000" m_c="0.000000" m_d="1.000000" m_tx="-1.886792" m_ty="-486.792450"/>
  </frame>
  <frame idx="525" w="607" h="744" x="94.669815" y="-182.792450">
   <element name="body" layername="body" frame="3" z_index="9" m_a="1.000000" m_b="0.000000" m_c="0.000000" m_d="1.000000" m_tx="-152.830185" m_ty="-211.320755"/>
   <element name="body" layername="body" frame="3" z_index="8" m_a="1.000000" m_b="0.000000" m_c="0.000000" m_d="1.000000" m_tx="-90.566040" m_ty="-392.452820"/>
   <element name="body" layername="body" frame="3" z_index="7" m_a="1.000000" m_b="0.000000" m_c="0.000000" m_d="1.000000" m_tx="-1.886792" m_ty="-486.792450"/>
  </frame>
  <frame idx="550" w="607" h="744" x="94.669815" y="-182.792450">
   <element name="body" layername="body" frame="3" z_index="9" m_a="1.000000" m_b="0.000000" m_c="0.000000" m_d="1.000000" m_tx="-152.830185" m_ty="-211.320755"/>
   <element name="body" layername="body" frame="3" z_index="8" m_a="1.000000" m_b="0.000000" m_c="0.000000" m_d="1.000000" m_tx="-90.566040" m_ty="-392.452820"/>
   <element name="body" layername="body" frame="3" z_index="7" m_a="1.000000" m_b="0.000000" m_c="0.000000" m_d="1.000000" m_tx="-1.886792" m_ty="-486.792450"/>
  </frame>
  <frame idx="575" w="607" h="744" x="94.669815" y="-182.792450">
   <element name="body" layername="body" frame="3" z_index="9" m_a="1.000000" m_b="0.000000" m_c="0.000000" m_d="1.000000" m_tx="-152.830185" m_ty="-211.320755"/>
   <element name="body" layername="body" frame="3" z_index="8" m_a="1.000000" m_b="0.000000" m_c="0.000000" m_d="1.000000" m_tx="-90.566040" m_ty="-392.452820"/>
   <element name="body" layername="body" frame="3" z_index="7" m_a="1.000000" m_b="0.000000" m_c="0.000000" m_d="1.000000" m_tx="-1.886792" m_ty="-486.792450"/>
  </frame>
  <frame idx="600" w="607" h="744" x="94.669815" y="-182.792450">
   <element name="body" layername="body" frame="1" z_index="9" m_a="1.000000" m_b="0.000000" m_c="0.000000" m_d="1.000000" m_tx="-152.830185" m_ty="-211.320755"/>
   <element name="body" layername="body" frame="1" z_index="8" m_a="1.000000" m_b="0.000000" m_c="0.000000" m_d="1.000000" m_tx="-90.566040" m_ty="-392.452820"/>
   <element name="body" layername="body" frame="1" z_index="7" m_a="1.000000" m_b="0.000000" m_c="0.000000" m_d="1.000000" m_tx="-1.886792" m_ty="-486.792450"/>
  </frame>
  <frame idx="625" w="607" h="744" x="94.669815" y="-182.792450">
   <element name="body" layername="body" frame="1" z_index="9" m_a="1.000000" m_b="0.000000" m_c="0.000000" m_d="1.000000" m_tx="-152.830185" m_ty="-211.320755"/>
   <element name="body" layername="body" frame="1" z_index="8" m_a="1.000000" m_b="0.000000" m_c="0.000000" m_d="1.000000" m_tx="-90.566040" m_ty="-392.452820"/>
   <element name="body" layername="body" frame="1" z_index="7" m_a="1.000000" m_b="0.000000" m_c="0.000000" m_d="1.000000" m_tx="-1.886792" m_ty="-486.792450"/>
  </frame>
  <frame idx="650" w="607" h="744" x="94.669815" y="-182.792450">
   <element name="body" layername="body" frame="1" z_index="9" m_a="1.000000" m_b="0.000000" m_c="0.000000" m_d="1.000000" m_tx="-152.830185" m_ty="-211.320755"/>
   <element name="body" layername="body" frame="1" z_index="8" m_a="1.000000" m_b="0.000000" m_c="0.000000" m_d="1.000000" m_tx="-90.566040" m_ty="-392.452820"/>
   <element name="body" layername="body" frame="1" z_index="7" m_a="1.000000" m_b="0.000000" m_c="0.000000" m_d="1.000000" m_tx="-1.886792" m_ty="-486.792450"/>
  </frame>
  <frame idx="675" w="607" h="744" x="94.669815" y="-182.792450">
   <element name="body" layername="body" frame="1" z_index="9" m_a="1.000000" m_b="0.000000" m_c="0.000000" m_d="1.000000" m_tx="-152.830185" m_ty="-211.320755"/>
   <element name="body" layername="body" frame="1" z_index="8" m_a="1.000000" m_b="0.000000" m_c="0.000000" m_d="1.000000" m_tx="-90.566040" m_ty="-392.452820"/>
   <element name="body" layername="body" frame="1" z_index="7" m_a="1.000000" m_b="0.000000" m_c="0.000000" m_d="1.000000" m_tx="-1.886792" m_ty="-486.792450"/>
  </frame>
  <frame idx="700" w="607" h="744" x="94.669815" y="-182.792450">
   <element name="body" layername="body" frame="2" z_index="9" m_a="1.000000" m_b="0.000000" m_c="0.000000" m_d="1.000000" m_tx="-152.830185" m_ty="-211.320755"/>
   <element name="body" layername="body" frame="2" z_index="8" m_a="1.000000" m_b="0.000000" m_c="0.000000" m_d="1.000000" m_tx="-90.566040" m_ty="-392.452820"/>
   <element name="body" layername="body" frame="2" z_index="7" m_a="1.000000" m_b="0.000000" m_c="0.000000" m_d="1.000000" m_tx="-1.886792" m_ty="-486.792450"/>
  </frame>
  <frame idx="725" w="607" h="744" x="94.669815" y="-182.792450">
   <element name="body" layername="body" frame="2" z_index="9" m_a="1.000000" m_b="0.000000" m_c="0.000000" m_d="1.000000" m_tx="-152.830185" m_ty="-211.320755"/>
   <element name="body" layername="body" frame="2" z_index="8" m_a="1.000000" m_b="0.000000" m_c="0.000000" m_d="1.000000" m_tx="-90.566040" m_ty="-392.452820"/>
   <element name="body" layername="body" frame="2" z_index="7" m_a="1.000000" m_b="0.000000" m_c="0.000000" m_d="1.000000" m_tx="-1.886792" m_ty="-486.792450"/>
  </frame>
  <frame idx="750" w="607" h="744" x="94.669815" y="-182.792450">
   <element name="body" layername="body" frame="2" z_index="9" m_a="1.000000" m_b="0.000000" m_c="0.000000" m_d="1.000000" m_tx="-152.830185" m_ty="-211.320755"/>
   <element name="body" layername="body" frame="2" z_index="8" m_a="1.000000" m_b="0.000000" m_c="0.000000" m_d="1.000000" m_tx="-90.566040" m_ty="-392.452820"/>
   <element name="body" layername="body" frame="2" z_index="7" m_a="1.000000" m_b="0.000000" m_c="0.000000" m_d="1.000000" m_tx="-1.886792" m_ty="-486.792450"/>
  </frame>
  <frame idx="775" w="607" h="744" x="94.669815" y="-182.792450">
   <element name="body" layername="body" frame="2" z_index="9" m_a="1.000000" m_b="0.000000" m_c="0.000000" m_d="1.000000" m_tx="-152.830185" m_ty="-211.320755"/>
   <element name="body" layername="body" frame="2" z_index="8" m_a="1.000000" m_b="0.000000" m_c="0.000000" m_d="1.000000" m_tx="-90.566040" m_ty="-392.452820"/>
   <element name="body" layername="body" frame="2" z_index="7" m_a="1.000000" m_b="0.000000" m_c="0.000000" m_d="1.000000" m_tx="-1.886792" m_ty="-486.792450"/>
  </frame>
  <frame idx="800" w="607" h="744" x="94.669815" y="-182.792450">
   <element name="body" layername="body" frame="3" z_index="9" m_a="1.000000" m_b="0.000000" m_c="0.000000" m_d="1.000000" m_tx="-152.830185" m_ty="-211.320755"/>
   <element name="body" layername="body" frame="3" z_index="8" m_a="0.997178" m_b="0.000000" m_c="0.000000" m_d="0.997413" m_tx="-90.566040" m_ty="-392.452820"/>
   <element name="body" layername="body" frame="3" z_index="7" m_a="1.000000" m_b="0.000000" m_c="0.000000" m_d="1.000000" m_tx="-1.886792" m_ty="-486.792450"/>
  </frame>
  <frame idx="825" w="607" h="744" x="94.669815" y="-182.792450">
   <element name="body" layername="body" frame="3" z_index="9" m_a="1.000000" m_b="0.000000" m_c="0.000000" m_d="1.000000" m_tx="-152.830185" m_ty="-211.320755"/>
   <element name="body" layername="body" frame="3" z_index="8" m_a="0.926641" m_b="0.000000" m_c="0.000000" m_d="0.932728" m_tx="-90.566040" m_ty="-392.452820"/>
   <element name="body" layername="body" frame="3" z_index="7" m_a="1.000000" m_b="0.000000" m_c="0.000000" m_d="1.000000" m_tx="-1.886792" m_ty="-486.792450"/>
  </frame>
  <frame idx="850" w="607" h="744" x="94.669815" y="-182.792450">
   <element name="body" layername="body" frame="3" z_index="9" m_a="1.000000" m_b="0.000000" m_c="0.000000" m_d="1.000000" m_tx="-152.830185" m_ty="-211.320755"/>
   <element name="body" layername="body" frame="3" z_index="8" m_a="0.856104" m_b="0.000000" m_c="0.000000" m_d="0.868042" m_tx="-90.566040" m_ty="-392.452820"/>
   <element name="body" layername="body" frame="3" z_index="7" m_a="1.000000" m_b="0.000000" m_c="0.000000" m_d="1.000000" m_tx="-1.886792" m_ty="-486.792450"/>
  </frame>
  <frame idx="875" w="607" h="744" x="94.669815" y="-182.792450">
   <element name="body" layername="body" frame="3" z_index="9" m_a="1.000000" m_b="0.000000" m_c="0.000000" m_d="1.000000" m_tx="-152.830185" m_ty="-211.320755"/>
   <element name="body" layername="body" frame="3" z_index="8" m_a="0.785567" m_b="0.000000" m_c="0.000000" m_d="0.803357" m_tx="-90.566040" m_ty="-392.452820"/>
   <element name="body" layername="body" frame="3" z_index="7" m_a="1.000000" m_b="0.000000" m_c="0.000000" m_d="1.000000" m_tx="-1.886792" m_ty="-486.792450"/>
  </frame>
  <frame idx="900" w="602" h="739" x="93.169815" y="-185.292450">
   <element name="body" layername="body" frame="2" z_index="9" m_a="0.988511" m_b="0.000000" m_c="0.000000" m_d="0.988511" m_tx="-152.830185" m_ty="-211.320755"/>
   <element name="body" layername="body" frame="3" z_index="8" m_a="0.715029" m_b="0.000000" m_c="0.000000" m_d="0.738672" m_tx="-90.566040" m_ty="-392.452820"/>
   <element name="body" layername="body" frame="2" z_index="7" m_a="0.989618" m_b="0.000000" m_c="0.000000" m_d="0.990541" m_tx="-1.886792" m_ty="-486.792450"/>
  </frame>
  <frame idx="925" w="545" h="676" x="69.669815" y="-210.792450">
   <element name="body" layername="body" frame="2" z_index="9" m_a="0.844898" m_b="0.000000" m_c="0.000000" m_d="0.844898" m_tx="-152.830185" m_ty="-211.320755"/>
   <element name="body" layername="body" frame="3" z_index="8" m_a="0.644492" m_b="0.000000" m_c="0.000000" m_d="0.673987" m_tx="-90.566040" m_ty="-392.452820"/>
   <element name="body" layername="body" frame="2" z_index="7" m_a="0.859844" m_b="0.000000" m_c="0.000000" m_d="0.872299" m_tx="-1.886792" m_ty="-486.792450"/>
  </frame>
  <frame idx="950" w="488" h="612" x="46.169815" y="-236.792450">
   <element name="body" layername="body" frame="2" z_index="9" m_a="0.701285" m_b="0.000000" m_c="0.000000" m_d="0.701285" m_tx="-152.830185" m_ty="-211.320755"/>
   <element name="body" layername="body" frame="3" z_index="8" m_a="0.573955" m_b="0.000000" m_c="0.000000" m_d="0.609302" m_tx="-90.566040" m_ty="-392.452820"/>
   <element name="body" layername="body" frame="2" z_index="7" m_a="0.730070" m_b="0.000000" m_c="0.000000" m_d="0.754057" m_tx="-1.886792" m_ty="-486.792450"/>
  </frame>
  <frame idx="975" w="432" h="549" x="23.169815" y="-262.292450">
   <element name="body" layername="body" frame="2" z_index="9" m_a="0.557672" m_b="0.000000" m_c="0.000000" m_d="0.557672" m_tx="-152.830185" m_ty="-211.320755"/>
   <element name="body" layername="body" frame="3" z_index="8" m_a="0.503417" m_b="0.000000" m_c="0.000000" m_d="0.544617" m_tx="-90.566040" m_ty="-392.452820"/>
   <element name="body" layername="body" frame="2" z_index="7" m_a="0.600296" m_b="0.000000" m_c="0.000000" m_d="0.635816" m_tx="-1.886792" m_ty="-486.792450"/>
  </frame>
 </anim>
</Anims>
