<Anims>
 <anim name="idle" root="enkidu_dx" numframes="1000" framerate="40">
  <frame idx="0" w="442" h="615" x="-0.677490" y="-158.494446">
   <element name="symbol0" layername="symbo" frame="0" z_index="3" m_a="1.000000" m_b="0.000000" m_c="0.000000" m_d="1.000000" m_tx="-200.677505" m_ty="-358.494446"/>
  </frame>
  <frame idx="25" w="442" h="615" x="-0.677490" y="-158.494446">
   <element name="symbol0" layername="symbo" frame="0" z_index="3" m_a="1.000000" m_b="0.000000" m_c="0.000000" m_d="1.000000" m_tx="-200.677505" m_ty="-358.494446"/>
  </frame>
  <frame idx="50" w="442" h="615" x="-0.677490" y="-158.494446">
   <element name="symbol0" layername="symbo" frame="0" z_index="3" m_a="1.000000" m_b="0.000000" m_c="0.000000" m_d="1.000000" m_tx="-200.677505" m_ty="-358.494446"/>
  </frame>
  <frame idx="75" w="442" h="615" x="-0.677490" y="-158.494446">
   <element name="symbol0" layername="symbo" frame="0" z_index="3" m_a="1.000000" m_b="0.000000" m_c="0.000000" m_d="1.000000" m_tx="-200.677505" m_ty="-358.494446"/>
  </frame>
  <frame idx="100" w="442" h="615" x="-0.677490" y="-158.494446">
   <element name="symbol0" layername="symbo" frame="0" z_index="3" m_a="1.000000" m_b="0.000000" m_c="0.000000" m_d="1.000000" m_tx="-200.677505" m_ty="-358.494446"/>
  </frame>
  <frame idx="125" w="442" h="615" x="-0.677490" y="-158.494446">
   <element name="symbol0" layername="symbo" frame="0" z_index="3" m_a="1.000000" m_b="0.000000" m_c="0.000000" m_d="1.000000" m_tx="-200.677505" m_ty="-358.494446"/>
  </frame>
  <frame idx="150" w="442" h="615" x="-0.677490" y="-158.494446">
   <element name="symbol0" layername="symbo" frame="0" z_index="3" m_a="1.000000" m_b="0.000000" m_c="0.000000" m_d="1.000000" m_tx="-200.677505" m_ty="-358.494446"/>
  </frame>
  <frame idx="175" w="442" h="615" x="-0.677490" y="-158.494446">
   <element name="symbol0" layername="symbo" frame="0" z_index="3" m_a="1.000000" m_b="0.000000" m_c="0.000000" m_d="1.000000" m_tx="-200.677505" m_ty="-358.494446"/>
  </frame>
  <frame idx="200" w="442" h="615" x="-0.677490" y="-158.494446">
   <element name="symbol0" layername="symbo" frame="0" z_index="3" m_a="1.000000" m_b="0.000000" m_c="0.000000" m_d="1.000000" m_tx="-200.677505" m_ty="-358.494446"/>
  </frame>
  <frame idx="225" w="442" h="615" x="-0.677490" y="-158.494446">
   <element name="symbol0" layername="symbo" frame="0" z_index="3" m_a="1.000000" m_b="0.000000" m_c="0.000000" m_d="1.000000" m_tx="-200.677505" m_ty="-358.494446"/>
  </frame>
  <frame idx="250" w="442" h="615" x="-0.677490" y="-158.494446">
   <element name="symbol0" layername="symbo" frame="0" z_index="3" m_a="1.000000" m_b="0.000000" m_c="0.000000" m_d="1.000000" m_tx="-200.677505" m_ty="-358.494446"/>
  </frame>
  <frame idx="275" w="442" h="615" x="-0.677490" y="-158.494446">
   <element name="symbol0" layername="symbo" frame="0" z_index="3" m_a="1.000000" m_b="0.000000" m_c="0.000000" m_d="1.000000" m_tx="-200.677505" m_ty="-358.494446"/>
  </frame>
  <frame idx="300" w="442" h="615" x="-0.677490" y="-158.494446">
   <element name="symbol0" layername="symbo" frame="0" z_index="3" m_a="1.000000" m_b="0.000000" m_c="0.000000" m_d="1.000000" m_tx="-200.677505" m_ty="-358.494446"/>
  </frame>
  <frame idx="325" w="442" h="615" x="-0.677490" y="-158.494446">
   <element name="symbol0" layername="symbo" frame="0" z_index="3" m_a="1.000000" m_b="0.000000" m_c="0.000000" m_d="1.000000" m_tx="-200.677505" m_ty="-358.494446"/>
  </frame>
  <frame idx="350" w="442" h="615" x="-0.677490" y="-158.494446">
   <element name="symbol0" layername="symbo" frame="0" z_index="3" m_a="1.000000" m_b="0.000000" m_c="0.000000" m_d="1.000000" m_tx="-200.677505" m_ty="-358.494446"/>
  </frame>
  <frame idx="375" w="442" h="615" x="-0.677490" y="-158.494446">
   <element name="symbol0" layername="symbo" frame="0" z_index="3" m_a="1.000000" m_b="0.000000" m_c="0.000000" m_d="1.000000" m_tx="-200.677505" m_ty="-358.494446"/>
  </frame>
  <frame idx="400" w="442" h="615" x="-0.677490" y="-158.494446">
   <element name="symbol0" layername="symbo" frame="0" z_index="3" m_a="1.000000" m_b="0.000000" m_c="0.000000" m_d="1.000000" m_tx="-200.677505" m_ty="-358.494446"/>
  </frame>
  <frame idx="425" w="442" h="615" x="-0.677490" y="-158.494446">
   <element name="symbol0" layername="symbo" frame="0" z_index="3" m_a="1.000000" m_b="0.000000" m_c="0.000000" m_d="1.000000" m_tx="-200.677505" m_ty="-358.494446"/>
  </frame>
  <frame idx="450" w="442" h="615" x="-0.677490" y="-158.494446">
   <element name="symbol0" layername="symbo" frame="0" z_index="3" m_a="1.000000" m_b="0.000000" m_c="0.000000" m_d="1.000000" m_tx="-200.677505" m_ty="-358.494446"/>
  </frame>
  <frame idx="475" w="442" h="615" x="-0.677490" y="-158.494446">
   <element name="symbol0" layername="symbo" frame="0" z_index="3" m_a="1.000000" m_b="0.000000" m_c="0.000000" m_d="1.000000" m_tx="-200.677505" m_ty="-358.494446"/>
  </frame>
  <frame idx="500" w="442" h="615" x="-0.677490" y="-158.494446">
   <element name="symbol0" layername="symbo" frame="0" z_index="3" m_a="1.000000" m_b="0.000000" m_c="0.000000" m_d="1.000000" m_tx="-200.677505" m_ty="-358.494446"/>
  </frame>
  <frame idx="525" w="442" h="615" x="-0.677490" y="-158.494446">
   <element name="symbol0" layername="symbo" frame="0" z_index="3" m_a="1.000000" m_b="0.000000" m_c="0.000000" m_d="1.000000" m_tx="-200.677505" m_ty="-358.494446"/>
  </frame>
  <frame idx="550" w="442" h="615" x="-0.677490" y="-158.494446">
   <element name="symbol0" layername="symbo" frame="0" z_index="3" m_a="1.000000" m_b="0.000000" m_c="0.000000" m_d="1.000000" m_tx="-200.677505" m_ty="-358.494446"/>
  </frame>
  <frame idx="575" w="442" h="615" x="-0.677490" y="-158.494446">
   <element name="symbol0" layername="symbo" frame="0" z_index="3" m_a="1.000000" m_b="0.000000" m_c="0.000000" m_d="1.000000" m_tx="-200.677505" m_ty="-358.494446"/>
  </frame>
  <frame idx="600" w="442" h="615" x="-0.677490" y="-158.494446">
   <element name="symbol0" layername="symbo" frame="0" z_index="3" m_a="1.000000" m_b="0.000000" m_c="0.000000" m_d="1.000000" m_tx="-200.677505" m_ty="-358.494446"/>
  </frame>
  <frame idx="625" w="442" h="615" x="-0.677490" y="-158.494446">
   <element name="symbol0" layername="symbo" frame="0" z_index="3" m_a="1.000000" m_b="0.000000" m_c="0.000000" m_d="1.000000" m_tx="-200.677505" m_ty="-358.494446"/>
  </frame>
  <frame idx="650" w="442" h="615" x="-0.677490" y="-158.494446">
   <element name="symbol0" layername="symbo" frame="0" z_index="3" m_a="1.000000" m_b="0.000000" m_c="0.000000" m_d="1.000000" m_tx="-200.677505" m_ty="-358.494446"/>
  </frame>
  <frame idx="675" w="442" h="615" x="-0.677490" y="-158.494446">
   <element name="symbol0" layername="symbo" frame="0" z_index="3" m_a="1.000000" m_b="0.000000" m_c="0.000000" m_d="1.000000" m_tx="-200.677505" m_ty="-358.494446"/>
  </frame>
  <frame idx="700" w="442" h="615" x="-0.677490" y="-158.494446">
   <element name="symbol0" layername="symbo" frame="0" z_index="3" m_a="1.000000" m_b="0.000000" m_c="0.000000" m_d="1.000000" m_tx="-200.677505" m_ty="-358.494446"/>
  </frame>
  <frame idx="725" w="442" h="615" x="-0.677490" y="-158.494446">
   <element name="symbol0" layername="symbo" frame="0" z_index="3" m_a="1.000000" m_b="0.000000" m_c="0.000000" m_d="1.000000" m_tx="-200.677505" m_ty="-358.494446"/>
  </frame>
  <frame idx="750" w="442" h="615" x="-0.677490" y="-158.494446">
   <element name="symbol0" layername="symbo" frame="0" z_index="3" m_a="1.000000" m_b="0.000000" m_c="0.000000" m_d="1.000000" m_tx="-200.677505" m_ty="-358.494446"/>
  </frame>
  <frame idx="775" w="442" h="615" x="-0.677490" y="-158.494446">
   <element name="symbol0" layername="symbo" frame="0" z_index="3" m_a="1.000000" m_b="0.000000" m_c="0.000000" m_d="1.000000" m_tx="-200.677505" m_ty="-358.494446"/>
  </frame>
  <frame idx="800" w="442" h="615" x="-0.677490" y="-158.494446">
   <element name="symbol0" layername="symbo" frame="0" z_index="3" m_a="1.000000" m_b="0.000000" m_c="0.000000" m_d="1.000000" m_tx="-200.677505" m_ty="-358.494446"/>
  </frame>
  <frame idx="825" w="442" h="615" x="-0.677490" y="-158.494446">
   <element name="symbol0" layername="symbo" frame="0" z_index="3" m_a="1.000000" m_b="0.000000" m_c="0.000000" m_d="1.000000" m_tx="-200.677505" m_ty="-358.494446"/>
  </frame>
  <frame idx="850" w="442" h="615" x="-0.677490" y="-158.494446">
   <element name="symbol0" layername="symbo" frame="0" z_index="3" m_a="1.000000" m_b="0.000000" m_c="0.000000" m_d="1.000000" m_tx="-200.677505" m_ty="-358.494446"/>
  </frame>
  <frame idx="875" w="442" h="615" x="-0.677490" y="-158.494446">
   <element name="symbol0" layername="symbo" frame="0" z_index="3" m_a="1.000000" m_b="0.000000" m_c="0.000000" m_d="1.000000" m_tx="-200.677505" m_ty="-358.494446"/>
  </frame>
  <frame idx="900" w="442" h="615" x="-0.677490" y="-158.494446">
   <element name="symbol0" layername="symbo" frame="0" z_index="3" m_a="1.000000" m_b="0.000000" m_c="0.000000" m_d="1.000000" m_tx="-200.677505" m_ty="-358.494446"/>
  </frame>
  <frame idx="925" w="442" h="615" x="-0.677490" y="-158.494446">
   <element name="symbol0" layername="symbo" frame="0" z_index="3" m_a="1.000000" m_b="0.000000" m_c="0.000000" m_d="1.000000" m_tx="-200.677505" m_ty="-358.494446"/>
  </frame>
  <frame idx="950" w="442" h="615" x="-0.677490" y="-158.494446">
   <element name="symbol0" layername="symbo" frame="0" z_index="3" m_a="1.000000" m_b="0.000000" m_c="0.000000" m_d="1.000000" m_tx="-200.677505" m_ty="-358.494446"/>
  </frame>
  <frame idx="975" w="442" h="615" x="-0.677490" y="-158.494446">
   <element name="symbol0" layername="symbo" frame="0" z_index="3" m_a="1.000000" m_b="0.000000" m_c="0.000000" m_d="1.000000" m_tx="-200.677505" m_ty="-358.494446"/>
  </frame>
 </anim>
 <anim name="place" root="enkidu_dx" numframes="1000" framerate="40">
  <frame idx="0" w="422" h="640" x="-2.124985" y="-192.125046">
   <element name="symbol0" layername="symbo" frame="0" z_index="3" m_a="0.951995" m_b="0.000000" m_c="0.000000" m_d="0.970698" m_tx="-192.524002" m_ty="-386.264648"/>
  </frame>
  <frame idx="25" w="423" h="638" x="-2.072449" y="-191.353546">
   <element name="symbol0" layername="symbo" frame="0" z_index="3" m_a="0.953195" m_b="0.000000" m_c="0.000000" m_d="0.971431" m_tx="-192.711502" m_ty="-385.639648"/>
  </frame>
  <frame idx="50" w="423" h="638" x="-2.019928" y="-190.582031">
   <element name="symbol0" layername="symbo" frame="0" z_index="3" m_a="0.954395" m_b="0.000000" m_c="0.000000" m_d="0.972163" m_tx="-192.899002" m_ty="-385.014648"/>
  </frame>
  <frame idx="75" w="424" h="637" x="-1.967407" y="-189.810516">
   <element name="symbol0" layername="symbo" frame="0" z_index="3" m_a="0.955595" m_b="0.000000" m_c="0.000000" m_d="0.972896" m_tx="-193.086502" m_ty="-384.389648"/>
  </frame>
  <frame idx="100" w="424" h="637" x="-1.914886" y="-189.039001">
   <element name="symbol0" layername="symbo" frame="0" z_index="3" m_a="0.956796" m_b="0.000000" m_c="0.000000" m_d="0.973628" m_tx="-193.274002" m_ty="-383.764648"/>
  </frame>
  <frame idx="125" w="425" h="637" x="-1.862350" y="-188.267502">
   <element name="symbol0" layername="symbo" frame="0" z_index="3" m_a="0.957996" m_b="0.000000" m_c="0.000000" m_d="0.974361" m_tx="-193.461502" m_ty="-383.139648"/>
  </frame>
  <frame idx="150" w="425" h="636" x="-1.809830" y="-187.495987">
   <element name="symbol0" layername="symbo" frame="0" z_index="3" m_a="0.959196" m_b="0.000000" m_c="0.000000" m_d="0.975093" m_tx="-193.649002" m_ty="-382.514648"/>
  </frame>
  <frame idx="175" w="425" h="636" x="-1.757309" y="-186.724472">
   <element name="symbol0" layername="symbo" frame="0" z_index="3" m_a="0.960396" m_b="0.000000" m_c="0.000000" m_d="0.975826" m_tx="-193.836502" m_ty="-381.889648"/>
  </frame>
  <frame idx="200" w="426" h="635" x="-1.704788" y="-185.952972">
   <element name="symbol0" layername="symbo" frame="0" z_index="3" m_a="0.961596" m_b="0.000000" m_c="0.000000" m_d="0.976558" m_tx="-194.024002" m_ty="-381.264648"/>
  </frame>
  <frame idx="225" w="426" h="635" x="-1.652252" y="-185.181458">
   <element name="symbol0" layername="symbo" frame="0" z_index="3" m_a="0.962796" m_b="0.000000" m_c="0.000000" m_d="0.977291" m_tx="-194.211502" m_ty="-380.639648"/>
  </frame>
  <frame idx="250" w="427" h="634" x="-1.599731" y="-184.409943">
   <element name="symbol0" layername="symbo" frame="0" z_index="3" m_a="0.963996" m_b="0.000000" m_c="0.000000" m_d="0.978024" m_tx="-194.399002" m_ty="-380.014648"/>
  </frame>
  <frame idx="275" w="427" h="634" x="-1.547211" y="-183.638428">
   <element name="symbol0" layername="symbo" frame="0" z_index="3" m_a="0.965196" m_b="0.000000" m_c="0.000000" m_d="0.978756" m_tx="-194.586502" m_ty="-379.389648"/>
  </frame>
  <frame idx="300" w="428" h="633" x="-1.494690" y="-182.866928">
   <element name="symbol0" layername="symbo" frame="0" z_index="3" m_a="0.966397" m_b="0.000000" m_c="0.000000" m_d="0.979489" m_tx="-194.774002" m_ty="-378.764648"/>
  </frame>
  <frame idx="325" w="428" h="633" x="-1.442154" y="-182.095413">
   <element name="symbol0" layername="symbo" frame="0" z_index="3" m_a="0.967597" m_b="0.000000" m_c="0.000000" m_d="0.980221" m_tx="-194.961502" m_ty="-378.139648"/>
  </frame>
  <frame idx="350" w="428" h="632" x="-1.389648" y="-181.323914">
   <element name="symbol0" layername="symbo" frame="0" z_index="3" m_a="0.968797" m_b="0.000000" m_c="0.000000" m_d="0.980954" m_tx="-195.149002" m_ty="-377.514648"/>
  </frame>
  <frame idx="375" w="429" h="632" x="-1.337112" y="-180.552399">
   <element name="symbol0" layername="symbo" frame="0" z_index="3" m_a="0.969997" m_b="0.000000" m_c="0.000000" m_d="0.981686" m_tx="-195.336502" m_ty="-376.889648"/>
  </frame>
  <frame idx="400" w="429" h="631" x="-1.284592" y="-179.780899">
   <element name="symbol0" layername="symbo" frame="0" z_index="3" m_a="0.971197" m_b="0.000000" m_c="0.000000" m_d="0.982419" m_tx="-195.524002" m_ty="-376.264648"/>
  </frame>
  <frame idx="425" w="431" h="631" x="-1.232056" y="-179.009369">
   <element name="symbol0" layername="symbo" frame="0" z_index="3" m_a="0.972397" m_b="0.000000" m_c="0.000000" m_d="0.983151" m_tx="-195.711502" m_ty="-375.639648"/>
  </frame>
  <frame idx="450" w="431" h="630" x="-1.179535" y="-178.237869">
   <element name="symbol0" layername="symbo" frame="0" z_index="3" m_a="0.973597" m_b="0.000000" m_c="0.000000" m_d="0.983884" m_tx="-195.899002" m_ty="-375.014648"/>
  </frame>
  <frame idx="475" w="432" h="630" x="-1.127014" y="-177.466354">
   <element name="symbol0" layername="symbo" frame="0" z_index="3" m_a="0.974797" m_b="0.000000" m_c="0.000000" m_d="0.984616" m_tx="-196.086502" m_ty="-374.389648"/>
  </frame>
  <frame idx="500" w="432" h="629" x="-1.074478" y="-176.694855">
   <element name="symbol0" layername="symbo" frame="0" z_index="3" m_a="0.975998" m_b="0.000000" m_c="0.000000" m_d="0.985349" m_tx="-196.274002" m_ty="-373.764648"/>
  </frame>
  <frame idx="525" w="432" h="629" x="-1.021957" y="-175.923340">
   <element name="symbol0" layername="symbo" frame="0" z_index="3" m_a="0.977198" m_b="0.000000" m_c="0.000000" m_d="0.986082" m_tx="-196.461502" m_ty="-373.139648"/>
  </frame>
  <frame idx="550" w="433" h="627" x="-0.969437" y="-175.151825">
   <element name="symbol0" layername="symbo" frame="0" z_index="3" m_a="0.978398" m_b="0.000000" m_c="0.000000" m_d="0.986814" m_tx="-196.649002" m_ty="-372.514648"/>
  </frame>
  <frame idx="575" w="433" h="627" x="-0.916916" y="-174.380325">
   <element name="symbol0" layername="symbo" frame="0" z_index="3" m_a="0.979598" m_b="0.000000" m_c="0.000000" m_d="0.987547" m_tx="-196.836502" m_ty="-371.889648"/>
  </frame>
  <frame idx="600" w="434" h="626" x="-0.864380" y="-173.608810">
   <element name="symbol0" layername="symbo" frame="0" z_index="3" m_a="0.980798" m_b="0.000000" m_c="0.000000" m_d="0.988279" m_tx="-197.024002" m_ty="-371.264648"/>
  </frame>
  <frame idx="625" w="434" h="626" x="-0.811859" y="-172.837296">
   <element name="symbol0" layername="symbo" frame="0" z_index="3" m_a="0.981998" m_b="0.000000" m_c="0.000000" m_d="0.989012" m_tx="-197.211502" m_ty="-370.639648"/>
  </frame>
  <frame idx="650" w="435" h="625" x="-0.759338" y="-172.065781">
   <element name="symbol0" layername="symbo" frame="0" z_index="3" m_a="0.983198" m_b="0.000000" m_c="0.000000" m_d="0.989744" m_tx="-197.399002" m_ty="-370.014648"/>
  </frame>
  <frame idx="675" w="435" h="625" x="-0.706818" y="-171.294281">
   <element name="symbol0" layername="symbo" frame="0" z_index="3" m_a="0.984398" m_b="0.000000" m_c="0.000000" m_d="0.990477" m_tx="-197.586502" m_ty="-369.389648"/>
  </frame>
  <frame idx="700" w="435" h="625" x="-0.654282" y="-170.522766">
   <element name="symbol0" layername="symbo" frame="0" z_index="3" m_a="0.985599" m_b="0.000000" m_c="0.000000" m_d="0.991209" m_tx="-197.774002" m_ty="-368.764648"/>
  </frame>
  <frame idx="725" w="436" h="624" x="-0.601761" y="-169.751266">
   <element name="symbol0" layername="symbo" frame="0" z_index="3" m_a="0.986799" m_b="0.000000" m_c="0.000000" m_d="0.991942" m_tx="-197.961502" m_ty="-368.139648"/>
  </frame>
  <frame idx="750" w="436" h="624" x="-0.549240" y="-168.979752">
   <element name="symbol0" layername="symbo" frame="0" z_index="3" m_a="0.987999" m_b="0.000000" m_c="0.000000" m_d="0.992674" m_tx="-198.149002" m_ty="-367.514648"/>
  </frame>
  <frame idx="775" w="437" h="623" x="-0.496719" y="-168.208237">
   <element name="symbol0" layername="symbo" frame="0" z_index="3" m_a="0.989199" m_b="0.000000" m_c="0.000000" m_d="0.993407" m_tx="-198.336502" m_ty="-366.889648"/>
  </frame>
  <frame idx="800" w="437" h="623" x="-0.444183" y="-167.436722">
   <element name="symbol0" layername="symbo" frame="0" z_index="3" m_a="0.990399" m_b="0.000000" m_c="0.000000" m_d="0.994140" m_tx="-198.524002" m_ty="-366.264648"/>
  </frame>
  <frame idx="825" w="438" h="622" x="-0.391663" y="-166.665222">
   <element name="symbol0" layername="symbo" frame="0" z_index="3" m_a="0.991599" m_b="0.000000" m_c="0.000000" m_d="0.994872" m_tx="-198.711502" m_ty="-365.639648"/>
  </frame>
  <frame idx="850" w="438" h="622" x="-0.339127" y="-165.893707">
   <element name="symbol0" layername="symbo" frame="0" z_index="3" m_a="0.992799" m_b="0.000000" m_c="0.000000" m_d="0.995605" m_tx="-198.899002" m_ty="-365.014648"/>
  </frame>
  <frame idx="875" w="438" h="621" x="-0.286621" y="-165.122208">
   <element name="symbol0" layername="symbo" frame="0" z_index="3" m_a="0.993999" m_b="0.000000" m_c="0.000000" m_d="0.996337" m_tx="-199.086502" m_ty="-364.389648"/>
  </frame>
  <frame idx="900" w="439" h="621" x="-0.234085" y="-164.350693">
   <element name="symbol0" layername="symbo" frame="0" z_index="3" m_a="0.995200" m_b="0.000000" m_c="0.000000" m_d="0.997070" m_tx="-199.274002" m_ty="-363.764648"/>
  </frame>
  <frame idx="925" w="439" h="620" x="-0.181564" y="-163.579178">
   <element name="symbol0" layername="symbo" frame="0" z_index="3" m_a="0.996400" m_b="0.000000" m_c="0.000000" m_d="0.997802" m_tx="-199.461502" m_ty="-363.139648"/>
  </frame>
  <frame idx="950" w="440" h="620" x="-0.129044" y="-162.807663">
   <element name="symbol0" layername="symbo" frame="0" z_index="3" m_a="0.997600" m_b="0.000000" m_c="0.000000" m_d="0.998535" m_tx="-199.649002" m_ty="-362.514648"/>
  </frame>
  <frame idx="975" w="440" h="619" x="-0.076508" y="-162.036163">
   <element name="symbol0" layername="symbo" frame="0" z_index="3" m_a="0.998800" m_b="0.000000" m_c="0.000000" m_d="0.999267" m_tx="-199.836502" m_ty="-361.889648"/>
  </frame>
 </anim>
 <anim name="hit" root="enkidu_dx" numframes="1000" framerate="40">
  <frame idx="0" w="440" h="620" x="0.000000" y="-162.500000">
   <element name="symbol0" layername="symbo" frame="0" z_index="3" m_a="1.000000" m_b="0.000000" m_c="0.000000" m_d="1.000000" m_tx="-200.000000" m_ty="-362.500000"/>
  </frame>
  <frame idx="25" w="440" h="619" x="0.000000" y="-162.175018">
   <element name="symbol0" layername="symbo" frame="0" z_index="3" m_a="1.000000" m_b="0.000000" m_c="0.000000" m_d="0.998379" m_tx="-200.000000" m_ty="-361.850800"/>
  </frame>
  <frame idx="50" w="440" h="618" x="0.000000" y="-161.850037">
   <element name="symbol0" layername="symbo" frame="0" z_index="3" m_a="1.000000" m_b="0.000000" m_c="0.000000" m_d="0.996758" m_tx="-200.000000" m_ty="-361.201630"/>
  </frame>
  <frame idx="75" w="440" h="616" x="0.000000" y="-161.524994">
   <element name="symbol0" layername="symbo" frame="0" z_index="3" m_a="1.000000" m_b="0.000000" m_c="0.000000" m_d="0.995137" m_tx="-200.000000" m_ty="-360.552429"/>
  </frame>
  <frame idx="100" w="440" h="615" x="0.000000" y="-161.199951">
   <element name="symbol0" layername="symbo" frame="0" z_index="3" m_a="1.000000" m_b="0.000000" m_c="0.000000" m_d="0.993516" m_tx="-200.000000" m_ty="-359.903229"/>
  </frame>
  <frame idx="125" w="440" h="614" x="0.000000" y="-160.874969">
   <element name="symbol0" layername="symbo" frame="0" z_index="3" m_a="1.000000" m_b="0.000000" m_c="0.000000" m_d="0.991895" m_tx="-200.000000" m_ty="-359.254059"/>
  </frame>
  <frame idx="150" w="440" h="613" x="0.000000" y="-160.550003">
   <element name="symbol0" layername="symbo" frame="0" z_index="3" m_a="1.000000" m_b="0.000000" m_c="0.000000" m_d="0.990274" m_tx="-200.000000" m_ty="-358.604858"/>
  </frame>
  <frame idx="175" w="440" h="612" x="0.000000" y="-160.225021">
   <element name="symbol0" layername="symbo" frame="0" z_index="3" m_a="1.000000" m_b="0.000000" m_c="0.000000" m_d="0.988653" m_tx="-200.000000" m_ty="-357.955658"/>
  </frame>
  <frame idx="200" w="440" h="611" x="0.000000" y="-159.900040">
   <element name="symbol0" layername="symbo" frame="0" z_index="3" m_a="1.000000" m_b="0.000000" m_c="0.000000" m_d="0.987032" m_tx="-200.000000" m_ty="-357.306488"/>
  </frame>
  <frame idx="225" w="440" h="610" x="0.000000" y="-159.574997">
   <element name="symbol0" layername="symbo" frame="0" z_index="3" m_a="1.000000" m_b="0.000000" m_c="0.000000" m_d="0.985411" m_tx="-200.000000" m_ty="-356.657288"/>
  </frame>
  <frame idx="250" w="440" h="609" x="0.000000" y="-159.250015">
   <element name="symbol0" layername="symbo" frame="0" z_index="3" m_a="1.000000" m_b="0.000000" m_c="0.000000" m_d="0.983791" m_tx="-200.000000" m_ty="-356.008118"/>
  </frame>
  <frame idx="275" w="440" h="608" x="0.000000" y="-158.924988">
   <element name="symbol0" layername="symbo" frame="0" z_index="3" m_a="1.000000" m_b="0.000000" m_c="0.000000" m_d="0.982170" m_tx="-200.000000" m_ty="-355.358917"/>
  </frame>
  <frame idx="300" w="440" h="607" x="0.000000" y="-158.600006">
   <element name="symbol0" layername="symbo" frame="0" z_index="3" m_a="1.000000" m_b="0.000000" m_c="0.000000" m_d="0.980549" m_tx="-200.000000" m_ty="-354.709717"/>
  </frame>
  <frame idx="325" w="440" h="605" x="0.000000" y="-158.275024">
   <element name="symbol0" layername="symbo" frame="0" z_index="3" m_a="1.000000" m_b="0.000000" m_c="0.000000" m_d="0.978928" m_tx="-200.000000" m_ty="-354.060547"/>
  </frame>
  <frame idx="350" w="440" h="604" x="0.000000" y="-157.950043">
   <element name="symbol0" layername="symbo" frame="0" z_index="3" m_a="1.000000" m_b="0.000000" m_c="0.000000" m_d="0.977307" m_tx="-200.000000" m_ty="-353.411346"/>
  </frame>
  <frame idx="375" w="440" h="603" x="0.000000" y="-157.625000">
   <element name="symbol0" layername="symbo" frame="0" z_index="3" m_a="1.000000" m_b="0.000000" m_c="0.000000" m_d="0.975686" m_tx="-200.000000" m_ty="-352.762146"/>
  </frame>
  <frame idx="400" w="440" h="602" x="0.000000" y="-157.300018">
   <element name="symbol0" layername="symbo" frame="0" z_index="3" m_a="1.000000" m_b="0.000000" m_c="0.000000" m_d="0.974065" m_tx="-200.000000" m_ty="-352.112976"/>
  </frame>
  <frame idx="425" w="440" h="601" x="0.000000" y="-156.974976">
   <element name="symbol0" layername="symbo" frame="0" z_index="3" m_a="1.000000" m_b="0.000000" m_c="0.000000" m_d="0.972444" m_tx="-200.000000" m_ty="-351.463776"/>
  </frame>
  <frame idx="450" w="440" h="600" x="0.000000" y="-156.649994">
   <element name="symbol0" layername="symbo" frame="0" z_index="3" m_a="1.000000" m_b="0.000000" m_c="0.000000" m_d="0.970823" m_tx="-200.000000" m_ty="-350.814575"/>
  </frame>
  <frame idx="475" w="440" h="600" x="0.000000" y="-156.325027">
   <element name="symbol0" layername="symbo" frame="0" z_index="3" m_a="1.000000" m_b="0.000000" m_c="0.000000" m_d="0.969202" m_tx="-200.000000" m_ty="-350.165405"/>
  </frame>
  <frame idx="500" w="440" h="599" x="0.000000" y="-156.000046">
   <element name="symbol0" layername="symbo" frame="0" z_index="3" m_a="1.000000" m_b="0.000000" m_c="0.000000" m_d="0.967581" m_tx="-200.000000" m_ty="-349.516205"/>
  </frame>
  <frame idx="525" w="440" h="601" x="0.062500" y="-156.739975">
   <element name="symbol0" layername="symbo" frame="0" z_index="3" m_a="1.000000" m_b="0.000000" m_c="0.000000" m_d="0.970877" m_tx="-199.937500" m_ty="-350.915405"/>
  </frame>
  <frame idx="550" w="440" h="603" x="0.125000" y="-157.479904">
   <element name="symbol0" layername="symbo" frame="0" z_index="3" m_a="1.000000" m_b="0.000000" m_c="0.000000" m_d="0.974173" m_tx="-199.875000" m_ty="-352.314575"/>
  </frame>
  <frame idx="575" w="440" h="605" x="0.187500" y="-158.219833">
   <element name="symbol0" layername="symbo" frame="0" z_index="3" m_a="1.000000" m_b="0.000000" m_c="0.000000" m_d="0.977470" m_tx="-199.812500" m_ty="-353.713776"/>
  </frame>
  <frame idx="600" w="440" h="608" x="0.250000" y="-158.959824">
   <element name="symbol0" layername="symbo" frame="0" z_index="3" m_a="1.000000" m_b="0.000000" m_c="0.000000" m_d="0.980766" m_tx="-199.750000" m_ty="-355.112976"/>
  </frame>
  <frame idx="625" w="440" h="610" x="0.312500" y="-159.699753">
   <element name="symbol0" layername="symbo" frame="0" z_index="3" m_a="1.000000" m_b="0.000000" m_c="0.000000" m_d="0.984062" m_tx="-199.687500" m_ty="-356.512146"/>
  </frame>
  <frame idx="650" w="440" h="612" x="0.375000" y="-160.439743">
   <element name="symbol0" layername="symbo" frame="0" z_index="3" m_a="1.000000" m_b="0.000000" m_c="0.000000" m_d="0.987358" m_tx="-199.625000" m_ty="-357.911346"/>
  </frame>
  <frame idx="675" w="440" h="614" x="0.437500" y="-161.179672">
   <element name="symbol0" layername="symbo" frame="0" z_index="3" m_a="1.000000" m_b="0.000000" m_c="0.000000" m_d="0.990654" m_tx="-199.562500" m_ty="-359.310547"/>
  </frame>
  <frame idx="700" w="440" h="616" x="0.500000" y="-161.919601">
   <element name="symbol0" layername="symbo" frame="0" z_index="3" m_a="1.000000" m_b="0.000000" m_c="0.000000" m_d="0.993951" m_tx="-199.500000" m_ty="-360.709717"/>
  </frame>
  <frame idx="725" w="440" h="619" x="0.562500" y="-162.659546">
   <element name="symbol0" layername="symbo" frame="0" z_index="3" m_a="1.000000" m_b="0.000000" m_c="0.000000" m_d="0.997247" m_tx="-199.437500" m_ty="-362.108917"/>
  </frame>
  <frame idx="750" w="440" h="621" x="0.625000" y="-163.399521">
   <element name="symbol0" layername="symbo" frame="0" z_index="3" m_a="1.000000" m_b="0.000000" m_c="0.000000" m_d="1.000543" m_tx="-199.375000" m_ty="-363.508118"/>
  </frame>
  <frame idx="775" w="440" h="623" x="0.687500" y="-164.139465">
   <element name="symbol0" layername="symbo" frame="0" z_index="3" m_a="1.000000" m_b="0.000000" m_c="0.000000" m_d="1.003839" m_tx="-199.312500" m_ty="-364.907288"/>
  </frame>
  <frame idx="800" w="440" h="625" x="0.750000" y="-164.879440">
   <element name="symbol0" layername="symbo" frame="0" z_index="3" m_a="1.000000" m_b="0.000000" m_c="0.000000" m_d="1.007135" m_tx="-199.250000" m_ty="-366.306488"/>
  </frame>
  <frame idx="825" w="440" h="627" x="0.812500" y="-165.619385">
   <element name="symbol0" layername="symbo" frame="0" z_index="3" m_a="1.000000" m_b="0.000000" m_c="0.000000" m_d="1.010432" m_tx="-199.187500" m_ty="-367.705658"/>
  </frame>
  <frame idx="850" w="440" h="630" x="0.875000" y="-166.359299">
   <element name="symbol0" layername="symbo" frame="0" z_index="3" m_a="1.000000" m_b="0.000000" m_c="0.000000" m_d="1.013728" m_tx="-199.125000" m_ty="-369.104858"/>
  </frame>
  <frame idx="875" w="440" h="632" x="0.937500" y="-167.099243">
   <element name="symbol0" layername="symbo" frame="0" z_index="3" m_a="1.000000" m_b="0.000000" m_c="0.000000" m_d="1.017024" m_tx="-199.062500" m_ty="-370.504059"/>
  </frame>
  <frame idx="900" w="439" h="634" x="1.000000" y="-167.839157">
   <element name="symbol0" layername="symbo" frame="0" z_index="3" m_a="1.000000" m_b="0.000000" m_c="0.000000" m_d="1.020320" m_tx="-199.000000" m_ty="-371.903229"/>
  </frame>
  <frame idx="925" w="439" h="637" x="1.062500" y="-168.579163">
   <element name="symbol0" layername="symbo" frame="0" z_index="3" m_a="1.000000" m_b="0.000000" m_c="0.000000" m_d="1.023616" m_tx="-198.937500" m_ty="-373.302429"/>
  </frame>
  <frame idx="950" w="439" h="640" x="1.125000" y="-169.319153">
   <element name="symbol0" layername="symbo" frame="0" z_index="3" m_a="1.000000" m_b="0.000000" m_c="0.000000" m_d="1.026913" m_tx="-198.875000" m_ty="-374.701630"/>
  </frame>
  <frame idx="975" w="439" h="642" x="1.187500" y="-170.059082">
   <element name="symbol0" layername="symbo" frame="0" z_index="3" m_a="1.000000" m_b="0.000000" m_c="0.000000" m_d="1.030209" m_tx="-198.812500" m_ty="-376.100800"/>
  </frame>
 </anim>
</Anims>
