<Anims>
 <anim name="build" root="gate_of_babylon" numframes="100" framerate="40">
  <frame idx="0" w="440" h="664" x="1.074768" y="-199.425293">
   <element name="torso" layername="body" frame="0" z_index="53" m_a="1.000000" m_b="0.000000" m_c="0.000000" m_d="1.000000" m_tx="-199.000000" m_ty="-397.701141"/>
   <element name="light" layername="light" frame="0" z_index="54" m_a="1.000000" m_b="0.000000" m_c="0.000000" m_d="1.000000" m_tx="-198.850571" m_ty="-401.149414"/>
   <element name="hands" layername="sword" frame="0" z_index="52" m_a="1.000000" m_b="0.000000" m_c="0.000000" m_d="1.000000" m_tx="-198.850464" m_ty="-398.850586"/>
  </frame>
  <frame idx="25" w="440" h="664" x="1.074768" y="-199.425293">
   <element name="torso" layername="body" frame="0" z_index="53" m_a="1.000000" m_b="0.000000" m_c="0.000000" m_d="1.000000" m_tx="-199.000000" m_ty="-397.701141"/>
   <element name="light" layername="light" frame="0" z_index="54" m_a="1.000000" m_b="0.000000" m_c="0.000000" m_d="1.000000" m_tx="-198.850571" m_ty="-401.149414"/>
   <element name="hands" layername="sword" frame="0" z_index="52" m_a="1.000000" m_b="0.000000" m_c="0.000000" m_d="1.000000" m_tx="-198.850464" m_ty="-398.850586"/>
  </frame>
  <frame idx="50" w="440" h="664" x="1.074768" y="-199.425293">
   <element name="torso" layername="body" frame="0" z_index="53" m_a="1.000000" m_b="0.000000" m_c="0.000000" m_d="1.000000" m_tx="-199.000000" m_ty="-397.701141"/>
   <element name="light" layername="light" frame="0" z_index="54" m_a="1.000000" m_b="0.000000" m_c="0.000000" m_d="1.000000" m_tx="-198.850571" m_ty="-401.149414"/>
   <element name="hands" layername="sword" frame="0" z_index="52" m_a="1.000000" m_b="0.000000" m_c="0.000000" m_d="1.000000" m_tx="-198.850464" m_ty="-398.850586"/>
  </frame>
  <frame idx="75" w="440" h="664" x="1.074768" y="-199.425293">
   <element name="torso" layername="body" frame="0" z_index="53" m_a="1.000000" m_b="0.000000" m_c="0.000000" m_d="1.000000" m_tx="-199.000000" m_ty="-397.701141"/>
   <element name="light" layername="light" frame="0" z_index="54" m_a="1.000000" m_b="0.000000" m_c="0.000000" m_d="1.000000" m_tx="-198.850571" m_ty="-401.149414"/>
   <element name="hands" layername="sword" frame="0" z_index="52" m_a="1.000000" m_b="0.000000" m_c="0.000000" m_d="1.000000" m_tx="-198.850464" m_ty="-398.850586"/>
  </frame>
 </anim>
 <anim name="hit" root="gate_of_babylon" numframes="200" framerate="40">
  <frame idx="0" w="440" h="664" x="1.074768" y="-199.425293">
   <element name="torso" layername="body" frame="4" z_index="53" m_a="1.000000" m_b="0.000000" m_c="0.000000" m_d="1.000000" m_tx="-199.000000" m_ty="-397.701141"/>
   <element name="light" layername="light" frame="0" z_index="54" m_a="1.000000" m_b="0.000000" m_c="0.000000" m_d="1.000000" m_tx="-198.850571" m_ty="-401.149414"/>
   <element name="hands" layername="sword" frame="1" z_index="52" m_a="1.000000" m_b="0.000000" m_c="0.000000" m_d="1.000000" m_tx="-198.850464" m_ty="-398.850586"/>
  </frame>
  <frame idx="25" w="440" h="664" x="1.074768" y="-199.425293">
   <element name="torso" layername="body" frame="4" z_index="53" m_a="1.000000" m_b="0.000000" m_c="0.000000" m_d="1.000000" m_tx="-199.000000" m_ty="-397.701141"/>
   <element name="light" layername="light" frame="0" z_index="54" m_a="1.000000" m_b="0.000000" m_c="0.000000" m_d="1.000000" m_tx="-198.850571" m_ty="-401.149414"/>
   <element name="hands" layername="sword" frame="1" z_index="52" m_a="1.000000" m_b="0.000000" m_c="0.000000" m_d="1.000000" m_tx="-198.850464" m_ty="-398.850586"/>
  </frame>
  <frame idx="50" w="440" h="664" x="1.074768" y="-199.425293">
   <element name="torso" layername="body" frame="4" z_index="53" m_a="1.000000" m_b="0.000000" m_c="0.000000" m_d="1.000000" m_tx="-199.000000" m_ty="-397.701141"/>
   <element name="light" layername="light" frame="2" z_index="54" m_a="1.000000" m_b="0.000000" m_c="0.000000" m_d="1.000000" m_tx="-198.850571" m_ty="-401.149414"/>
   <element name="hands" layername="sword" frame="1" z_index="52" m_a="1.000000" m_b="0.000000" m_c="0.000000" m_d="1.000000" m_tx="-198.850464" m_ty="-398.850586"/>
  </frame>
  <frame idx="75" w="440" h="664" x="1.074768" y="-199.425293">
   <element name="torso" layername="body" frame="4" z_index="53" m_a="1.000000" m_b="0.000000" m_c="0.000000" m_d="1.000000" m_tx="-199.000000" m_ty="-397.701141"/>
   <element name="light" layername="light" frame="1" z_index="54" m_a="1.000000" m_b="0.000000" m_c="0.000000" m_d="1.000000" m_tx="-198.850571" m_ty="-401.149414"/>
   <element name="hands" layername="sword" frame="1" z_index="52" m_a="1.000000" m_b="0.000000" m_c="0.000000" m_d="1.000000" m_tx="-198.850464" m_ty="-398.850586"/>
  </frame>
  <frame idx="100" w="440" h="664" x="1.074768" y="-199.425293">
   <element name="torso" layername="body" frame="4" z_index="53" m_a="1.000000" m_b="0.000000" m_c="0.000000" m_d="1.000000" m_tx="-199.000000" m_ty="-397.701141"/>
   <element name="light" layername="light" frame="7" z_index="54" m_a="1.000000" m_b="0.000000" m_c="0.000000" m_d="1.000000" m_tx="-198.850571" m_ty="-401.149414"/>
   <element name="hands" layername="sword" frame="1" z_index="52" m_a="1.000000" m_b="0.000000" m_c="0.000000" m_d="1.000000" m_tx="-198.850464" m_ty="-398.850586"/>
  </frame>
  <frame idx="125" w="440" h="664" x="1.074768" y="-199.425293">
   <element name="torso" layername="body" frame="4" z_index="53" m_a="1.000000" m_b="0.000000" m_c="0.000000" m_d="1.000000" m_tx="-199.000000" m_ty="-397.701141"/>
   <element name="light" layername="light" frame="6" z_index="54" m_a="1.000000" m_b="0.000000" m_c="0.000000" m_d="1.000000" m_tx="-198.850571" m_ty="-401.149414"/>
   <element name="hands" layername="sword" frame="1" z_index="52" m_a="1.000000" m_b="0.000000" m_c="0.000000" m_d="1.000000" m_tx="-198.850464" m_ty="-398.850586"/>
  </frame>
  <frame idx="150" w="440" h="664" x="1.074768" y="-199.425293">
   <element name="torso" layername="body" frame="4" z_index="53" m_a="1.000000" m_b="0.000000" m_c="0.000000" m_d="1.000000" m_tx="-199.000000" m_ty="-397.701141"/>
   <element name="light" layername="light" frame="5" z_index="54" m_a="1.000000" m_b="0.000000" m_c="0.000000" m_d="1.000000" m_tx="-198.850571" m_ty="-401.149414"/>
   <element name="hands" layername="sword" frame="1" z_index="52" m_a="1.000000" m_b="0.000000" m_c="0.000000" m_d="1.000000" m_tx="-198.850464" m_ty="-398.850586"/>
  </frame>
  <frame idx="175" w="440" h="664" x="1.074768" y="-199.425293">
   <element name="torso" layername="body" frame="4" z_index="53" m_a="1.000000" m_b="0.000000" m_c="0.000000" m_d="1.000000" m_tx="-199.000000" m_ty="-397.701141"/>
   <element name="light" layername="light" frame="4" z_index="54" m_a="1.000000" m_b="0.000000" m_c="0.000000" m_d="1.000000" m_tx="-198.850571" m_ty="-401.149414"/>
   <element name="hands" layername="sword" frame="1" z_index="52" m_a="1.000000" m_b="0.000000" m_c="0.000000" m_d="1.000000" m_tx="-198.850464" m_ty="-398.850586"/>
  </frame>
 </anim>
 <anim name="atk_side" root="gate_of_babylon" numframes="100" framerate="40">
  <frame idx="0" w="536" h="740" x="-6.025543" y="-190.526184">
   <element name="torso" layername="body" frame="1" z_index="53" m_a="1.000000" m_b="0.000000" m_c="0.000000" m_d="1.000000" m_tx="-199.000000" m_ty="-397.701141"/>
   <element name="light" layername="light" frame="3" z_index="54" m_a="1.000000" m_b="0.000000" m_c="0.000000" m_d="1.000000" m_tx="-198.850571" m_ty="-401.149414"/>
   <element name="hands" layername="sword" frame="0" z_index="52" m_a="0.228239" m_b="-0.973605" m_c="0.973605" m_d="0.228239" m_tx="-246.394318" m_ty="-41.452881"/>
  </frame>
  <frame idx="25" w="536" h="740" x="-6.025543" y="-190.526184">
   <element name="torso" layername="body" frame="1" z_index="53" m_a="1.000000" m_b="0.000000" m_c="0.000000" m_d="1.000000" m_tx="-199.000000" m_ty="-397.701141"/>
   <element name="light" layername="light" frame="3" z_index="54" m_a="1.000000" m_b="0.000000" m_c="0.000000" m_d="1.000000" m_tx="-198.850571" m_ty="-401.149414"/>
   <element name="hands" layername="sword" frame="0" z_index="52" m_a="0.228239" m_b="-0.973605" m_c="0.973605" m_d="0.228239" m_tx="-246.394318" m_ty="-41.452881"/>
  </frame>
  <frame idx="50" w="536" h="740" x="-6.025543" y="-190.526184">
   <element name="torso" layername="body" frame="1" z_index="53" m_a="1.000000" m_b="0.000000" m_c="0.000000" m_d="1.000000" m_tx="-199.000000" m_ty="-397.701141"/>
   <element name="light" layername="light" frame="3" z_index="54" m_a="1.000000" m_b="0.000000" m_c="0.000000" m_d="1.000000" m_tx="-198.850571" m_ty="-401.149414"/>
   <element name="hands" layername="sword" frame="2" z_index="52" m_a="0.228239" m_b="-0.973605" m_c="0.973605" m_d="0.228239" m_tx="-246.394318" m_ty="-41.452881"/>
  </frame>
  <frame idx="75" w="536" h="740" x="-6.025543" y="-190.526184">
   <element name="torso" layername="body" frame="1" z_index="53" m_a="1.000000" m_b="0.000000" m_c="0.000000" m_d="1.000000" m_tx="-199.000000" m_ty="-397.701141"/>
   <element name="light" layername="light" frame="3" z_index="54" m_a="1.000000" m_b="0.000000" m_c="0.000000" m_d="1.000000" m_tx="-198.850571" m_ty="-401.149414"/>
   <element name="hands" layername="sword" frame="3" z_index="52" m_a="0.228239" m_b="-0.973605" m_c="0.973605" m_d="0.228239" m_tx="-246.394318" m_ty="-41.452881"/>
  </frame>
 </anim>
 <anim name="atk_up" root="gate_of_babylon" numframes="100" framerate="40">
  <frame idx="0" w="444" h="755" x="4.268051" y="-227.090790">
   <element name="torso" layername="body" frame="0" z_index="53" m_a="1.000000" m_b="0.000000" m_c="0.000000" m_d="1.000000" m_tx="-199.000000" m_ty="-397.701141"/>
   <element name="light" layername="light" frame="0" z_index="54" m_a="1.000000" m_b="0.000000" m_c="0.000000" m_d="1.000000" m_tx="-198.850571" m_ty="-401.149414"/>
   <element name="hands" layername="sword" frame="0" z_index="52" m_a="-0.999870" m_b="-0.016133" m_c="0.016133" m_d="-0.999870" m_tx="201.082993" m_ty="-50.079330"/>
  </frame>
  <frame idx="25" w="444" h="755" x="4.268051" y="-227.090790">
   <element name="torso" layername="body" frame="0" z_index="53" m_a="1.000000" m_b="0.000000" m_c="0.000000" m_d="1.000000" m_tx="-199.000000" m_ty="-397.701141"/>
   <element name="light" layername="light" frame="0" z_index="54" m_a="1.000000" m_b="0.000000" m_c="0.000000" m_d="1.000000" m_tx="-198.850571" m_ty="-401.149414"/>
   <element name="hands" layername="sword" frame="0" z_index="52" m_a="-0.999870" m_b="-0.016133" m_c="0.016133" m_d="-0.999870" m_tx="201.082993" m_ty="-50.079330"/>
  </frame>
  <frame idx="50" w="444" h="755" x="4.268051" y="-227.090790">
   <element name="torso" layername="body" frame="0" z_index="53" m_a="1.000000" m_b="0.000000" m_c="0.000000" m_d="1.000000" m_tx="-199.000000" m_ty="-397.701141"/>
   <element name="light" layername="light" frame="0" z_index="54" m_a="1.000000" m_b="0.000000" m_c="0.000000" m_d="1.000000" m_tx="-198.850571" m_ty="-401.149414"/>
   <element name="hands" layername="sword" frame="2" z_index="52" m_a="-0.999870" m_b="-0.016133" m_c="0.016133" m_d="-0.999870" m_tx="201.082993" m_ty="-50.079330"/>
  </frame>
  <frame idx="75" w="444" h="755" x="4.268051" y="-227.090790">
   <element name="torso" layername="body" frame="0" z_index="53" m_a="1.000000" m_b="0.000000" m_c="0.000000" m_d="1.000000" m_tx="-199.000000" m_ty="-397.701141"/>
   <element name="light" layername="light" frame="0" z_index="54" m_a="1.000000" m_b="0.000000" m_c="0.000000" m_d="1.000000" m_tx="-198.850571" m_ty="-401.149414"/>
   <element name="hands" layername="sword" frame="3" z_index="52" m_a="-0.999870" m_b="-0.016133" m_c="0.016133" m_d="-0.999870" m_tx="201.082993" m_ty="-50.079330"/>
  </frame>
 </anim>
 <anim name="atk_down" root="gate_of_babylon" numframes="100" framerate="40">
  <frame idx="0" w="440" h="664" x="1.074707" y="-199.425293">
   <element name="torso" layername="body" frame="0" z_index="53" m_a="1.000000" m_b="0.000000" m_c="0.000000" m_d="1.000000" m_tx="-199.000000" m_ty="-397.701141"/>
   <element name="light" layername="light" frame="0" z_index="54" m_a="1.000000" m_b="0.000000" m_c="0.000000" m_d="1.000000" m_tx="-198.850571" m_ty="-401.149414"/>
   <element name="hands" layername="sword" frame="0" z_index="52" m_a="1.000000" m_b="0.000000" m_c="0.000000" m_d="1.000000" m_tx="-198.850571" m_ty="-398.850586"/>
  </frame>
  <frame idx="25" w="440" h="664" x="1.074707" y="-199.425293">
   <element name="torso" layername="body" frame="0" z_index="53" m_a="1.000000" m_b="0.000000" m_c="0.000000" m_d="1.000000" m_tx="-199.000000" m_ty="-397.701141"/>
   <element name="light" layername="light" frame="0" z_index="54" m_a="1.000000" m_b="0.000000" m_c="0.000000" m_d="1.000000" m_tx="-198.850571" m_ty="-401.149414"/>
   <element name="hands" layername="sword" frame="0" z_index="52" m_a="1.000000" m_b="0.000000" m_c="0.000000" m_d="1.000000" m_tx="-198.850571" m_ty="-398.850586"/>
  </frame>
  <frame idx="50" w="440" h="664" x="1.074707" y="-199.425293">
   <element name="torso" layername="body" frame="0" z_index="53" m_a="1.000000" m_b="0.000000" m_c="0.000000" m_d="1.000000" m_tx="-199.000000" m_ty="-397.701141"/>
   <element name="light" layername="light" frame="0" z_index="54" m_a="1.000000" m_b="0.000000" m_c="0.000000" m_d="1.000000" m_tx="-198.850571" m_ty="-401.149414"/>
   <element name="hands" layername="sword" frame="2" z_index="52" m_a="1.000000" m_b="0.000000" m_c="0.000000" m_d="1.000000" m_tx="-198.850571" m_ty="-398.850586"/>
  </frame>
  <frame idx="75" w="440" h="664" x="1.074707" y="-199.425293">
   <element name="torso" layername="body" frame="0" z_index="53" m_a="1.000000" m_b="0.000000" m_c="0.000000" m_d="1.000000" m_tx="-199.000000" m_ty="-397.701141"/>
   <element name="light" layername="light" frame="0" z_index="54" m_a="1.000000" m_b="0.000000" m_c="0.000000" m_d="1.000000" m_tx="-198.850571" m_ty="-401.149414"/>
   <element name="hands" layername="sword" frame="3" z_index="52" m_a="1.000000" m_b="0.000000" m_c="0.000000" m_d="1.000000" m_tx="-198.850571" m_ty="-398.850586"/>
  </frame>
 </anim>
 <anim name="run_pst_down" root="gate_of_babylon" numframes="100" framerate="40">
  <frame idx="0" w="440" h="664" x="1.074707" y="-199.425293">
   <element name="torso" layername="body" frame="0" z_index="53" m_a="1.000000" m_b="0.000000" m_c="0.000000" m_d="1.000000" m_tx="-199.000000" m_ty="-397.701141"/>
   <element name="light" layername="light" frame="8" z_index="54" m_a="1.000000" m_b="0.000000" m_c="0.000000" m_d="1.000000" m_tx="-198.850571" m_ty="-401.149414"/>
   <element name="hands" layername="sword" frame="0" z_index="52" m_a="1.000000" m_b="0.000000" m_c="0.000000" m_d="1.000000" m_tx="-198.850571" m_ty="-398.850586"/>
  </frame>
  <frame idx="25" w="440" h="660" x="1.074707" y="-198.275879">
   <element name="torso" layername="body" frame="0" z_index="53" m_a="1.000000" m_b="0.000000" m_c="0.000000" m_d="1.000000" m_tx="-199.000000" m_ty="-397.701141"/>
   <element name="light" layername="light" frame="8" z_index="54" m_a="1.000000" m_b="0.000000" m_c="0.000000" m_d="0.617170" m_tx="-198.850571" m_ty="-308.188660"/>
   <element name="hands" layername="sword" frame="0" z_index="52" m_a="1.000000" m_b="0.000000" m_c="0.000000" m_d="1.000000" m_tx="-198.850571" m_ty="-398.850586"/>
  </frame>
  <frame idx="50" w="440" h="660" x="1.074707" y="-198.275879">
   <element name="torso" layername="body" frame="0" z_index="53" m_a="1.000000" m_b="0.000000" m_c="0.000000" m_d="1.000000" m_tx="-199.000000" m_ty="-397.701141"/>
   <element name="light" layername="light" frame="8" z_index="54" m_a="1.000000" m_b="0.000000" m_c="0.000000" m_d="0.622884" m_tx="-198.850571" m_ty="-309.576111"/>
   <element name="hands" layername="sword" frame="0" z_index="52" m_a="1.000000" m_b="0.000000" m_c="0.000000" m_d="1.000000" m_tx="-198.850571" m_ty="-398.850586"/>
  </frame>
  <frame idx="75" w="440" h="660" x="1.074707" y="-198.275879">
   <element name="torso" layername="body" frame="0" z_index="53" m_a="1.000000" m_b="0.000000" m_c="0.000000" m_d="1.000000" m_tx="-199.000000" m_ty="-397.701141"/>
   <element name="light" layername="light" frame="3" z_index="54" m_a="1.000000" m_b="0.000000" m_c="0.000000" m_d="0.811442" m_tx="-198.850571" m_ty="-355.362762"/>
   <element name="hands" layername="sword" frame="0" z_index="52" m_a="1.000000" m_b="0.000000" m_c="0.000000" m_d="1.000000" m_tx="-198.850571" m_ty="-398.850586"/>
  </frame>
 </anim>
 <anim name="run_pst_side" root="gate_of_babylon" numframes="100" framerate="40">
  <frame idx="0" w="517" h="725" x="-2.358932" y="-189.544617">
   <element name="torso" layername="body" frame="1" z_index="53" m_a="1.000000" m_b="0.000000" m_c="0.000000" m_d="1.000000" m_tx="-199.000000" m_ty="-397.701141"/>
   <element name="light" layername="light" frame="8" z_index="54" m_a="0.149270" m_b="-0.988796" m_c="0.988796" m_d="0.149270" m_tx="-231.545197" m_ty="-28.427536"/>
   <element name="hands" layername="sword" frame="0" z_index="52" m_a="0.183886" m_b="-0.982948" m_c="0.982948" m_d="0.183886" m_tx="-235.725647" m_ty="-28.697525"/>
  </frame>
  <frame idx="25" w="517" h="722" x="-2.358932" y="-188.509857">
   <element name="torso" layername="body" frame="1" z_index="53" m_a="1.000000" m_b="0.000000" m_c="0.000000" m_d="1.000000" m_tx="-199.000000" m_ty="-397.701141"/>
   <element name="light" layername="light" frame="8" z_index="54" m_a="0.149270" m_b="-0.988796" m_c="0.704680" m_d="0.106379" m_tx="-173.198700" m_ty="-19.619476"/>
   <element name="hands" layername="sword" frame="0" z_index="52" m_a="0.183886" m_b="-0.982948" m_c="0.982948" m_d="0.183886" m_tx="-235.725647" m_ty="-28.697525"/>
  </frame>
  <frame idx="50" w="517" h="722" x="-2.358932" y="-188.509857">
   <element name="torso" layername="body" frame="1" z_index="53" m_a="1.000000" m_b="0.000000" m_c="0.000000" m_d="1.000000" m_tx="-199.000000" m_ty="-397.701141"/>
   <element name="light" layername="light" frame="8" z_index="54" m_a="0.149270" m_b="-0.988796" m_c="0.361164" m_d="0.054522" m_tx="-102.653900" m_ty="-8.969940"/>
   <element name="hands" layername="sword" frame="0" z_index="52" m_a="0.183886" m_b="-0.982948" m_c="0.982948" m_d="0.183886" m_tx="-235.725647" m_ty="-28.697525"/>
  </frame>
  <frame idx="75" w="517" h="722" x="-2.358932" y="-188.509857">
   <element name="torso" layername="body" frame="1" z_index="53" m_a="1.000000" m_b="0.000000" m_c="0.000000" m_d="1.000000" m_tx="-199.000000" m_ty="-397.701141"/>
   <element name="light" layername="light" frame="3" z_index="54" m_a="0.149270" m_b="-0.988796" m_c="0.352494" m_d="0.053213" m_tx="-100.873260" m_ty="-8.701126"/>
   <element name="hands" layername="sword" frame="0" z_index="52" m_a="0.183886" m_b="-0.982948" m_c="0.982948" m_d="0.183886" m_tx="-235.725647" m_ty="-28.697525"/>
  </frame>
 </anim>
 <anim name="run_pst_up" root="gate_of_babylon" numframes="100" framerate="40">
  <frame idx="0" w="479" h="763" x="6.124542" y="-209.091949">
   <element name="torso" layername="body" frame="0" z_index="53" m_a="1.000000" m_b="0.000000" m_c="0.000000" m_d="1.000000" m_tx="-199.000000" m_ty="-397.701141"/>
   <element name="light" layername="light" frame="8" z_index="54" m_a="-0.994200" m_b="-0.107547" m_c="0.107547" m_d="-0.994200" m_tx="183.455048" m_ty="32.401337"/>
   <element name="hands" layername="sword" frame="0" z_index="52" m_a="-0.999975" m_b="-0.007066" m_c="0.007066" m_d="-0.999975" m_tx="201.351074" m_ty="-47.768677"/>
  </frame>
  <frame idx="25" w="460" h="746" x="6.394165" y="-224.143204">
   <element name="torso" layername="body" frame="0" z_index="53" m_a="1.000000" m_b="0.000000" m_c="0.000000" m_d="1.000000" m_tx="-199.000000" m_ty="-397.701141"/>
   <element name="light" layername="light" frame="8" z_index="54" m_a="-0.994200" m_b="-0.107547" m_c="0.065851" m_d="-0.608746" m_tx="192.063965" m_ty="-47.182022"/>
   <element name="hands" layername="sword" frame="0" z_index="52" m_a="-0.999975" m_b="-0.007066" m_c="0.007066" m_d="-0.999975" m_tx="201.351074" m_ty="-47.768677"/>
  </frame>
  <frame idx="50" w="446" h="746" x="6.432388" y="-224.143204">
   <element name="torso" layername="body" frame="0" z_index="53" m_a="1.000000" m_b="0.000000" m_c="0.000000" m_d="1.000000" m_tx="-199.000000" m_ty="-397.701141"/>
   <element name="light" layername="light" frame="8" z_index="54" m_a="-0.994200" m_b="-0.107547" m_c="0.032061" m_d="-0.296378" m_tx="199.040543" m_ty="-111.675529"/>
   <element name="hands" layername="sword" frame="0" z_index="52" m_a="-0.999975" m_b="-0.007066" m_c="0.007066" m_d="-0.999975" m_tx="201.351074" m_ty="-47.768677"/>
  </frame>
  <frame idx="75" w="448" h="746" x="6.574982" y="-224.143204">
   <element name="torso" layername="body" frame="0" z_index="53" m_a="1.000000" m_b="0.000000" m_c="0.000000" m_d="1.000000" m_tx="-199.000000" m_ty="-397.701141"/>
   <element name="light" layername="light" frame="3" z_index="54" m_a="-0.994200" m_b="-0.107547" m_c="0.037892" m_d="-0.350284" m_tx="197.836578" m_ty="-100.545715"/>
   <element name="hands" layername="sword" frame="0" z_index="52" m_a="-0.999975" m_b="-0.007066" m_c="0.007066" m_d="-0.999975" m_tx="201.351074" m_ty="-47.768677"/>
  </frame>
 </anim>
 <anim name="run_loop_down" root="gate_of_babylon" numframes="100" framerate="40">
  <frame idx="0" w="440" h="664" x="1.074768" y="-199.425232">
   <element name="torso" layername="body" frame="4" z_index="53" m_a="1.000000" m_b="0.000000" m_c="0.000000" m_d="1.000000" m_tx="-199.000000" m_ty="-397.701141"/>
   <element name="light" layername="light" frame="8" z_index="54" m_a="1.000000" m_b="0.000000" m_c="0.000000" m_d="1.000000" m_tx="-198.850479" m_ty="-401.149292"/>
   <element name="hands" layername="sword" frame="1" z_index="52" m_a="1.000000" m_b="0.000000" m_c="0.000000" m_d="1.000000" m_tx="-198.850571" m_ty="-398.850586"/>
  </frame>
  <frame idx="25" w="440" h="664" x="1.074768" y="-199.425232">
   <element name="torso" layername="body" frame="4" z_index="53" m_a="1.000000" m_b="0.000000" m_c="0.000000" m_d="1.000000" m_tx="-199.000000" m_ty="-397.701141"/>
   <element name="light" layername="light" frame="8" z_index="54" m_a="1.000000" m_b="0.000000" m_c="0.000000" m_d="1.000000" m_tx="-198.850479" m_ty="-401.149292"/>
   <element name="hands" layername="sword" frame="1" z_index="52" m_a="1.000000" m_b="0.000000" m_c="0.000000" m_d="1.000000" m_tx="-198.850571" m_ty="-398.850586"/>
  </frame>
  <frame idx="50" w="440" h="664" x="1.074768" y="-199.425232">
   <element name="torso" layername="body" frame="4" z_index="53" m_a="1.000000" m_b="0.000000" m_c="0.000000" m_d="1.000000" m_tx="-199.000000" m_ty="-397.701141"/>
   <element name="light" layername="light" frame="9" z_index="54" m_a="1.000000" m_b="0.000000" m_c="0.000000" m_d="1.000000" m_tx="-198.850479" m_ty="-401.149292"/>
   <element name="hands" layername="sword" frame="1" z_index="52" m_a="1.000000" m_b="0.000000" m_c="0.000000" m_d="1.000000" m_tx="-198.850571" m_ty="-398.850586"/>
  </frame>
  <frame idx="75" w="440" h="664" x="1.074768" y="-199.425232">
   <element name="torso" layername="body" frame="4" z_index="53" m_a="1.000000" m_b="0.000000" m_c="0.000000" m_d="1.000000" m_tx="-199.000000" m_ty="-397.701141"/>
   <element name="light" layername="light" frame="10" z_index="54" m_a="1.000000" m_b="0.000000" m_c="0.000000" m_d="1.000000" m_tx="-198.850479" m_ty="-401.149292"/>
   <element name="hands" layername="sword" frame="1" z_index="52" m_a="1.000000" m_b="0.000000" m_c="0.000000" m_d="1.000000" m_tx="-198.850571" m_ty="-398.850586"/>
  </frame>
 </anim>
 <anim name="run_loop_side" root="gate_of_babylon" numframes="100" framerate="40">
  <frame idx="0" w="449" h="665" x="-1.822891" y="-194.060791">
   <element name="torso" layername="body" frame="4" z_index="53" m_a="1.000000" m_b="0.000000" m_c="0.000000" m_d="1.000000" m_tx="-199.000000" m_ty="-397.701141"/>
   <element name="light" layername="light" frame="8" z_index="54" m_a="-0.008235" m_b="-0.999966" m_c="0.999966" m_d="-0.008235" m_tx="-201.501099" m_ty="10.729019"/>
   <element name="hands" layername="sword" frame="1" z_index="52" m_a="1.000000" m_b="0.000000" m_c="0.000000" m_d="1.000000" m_tx="-198.850571" m_ty="-398.850586"/>
  </frame>
  <frame idx="25" w="449" h="665" x="-1.822891" y="-194.060791">
   <element name="torso" layername="body" frame="4" z_index="53" m_a="1.000000" m_b="0.000000" m_c="0.000000" m_d="1.000000" m_tx="-199.000000" m_ty="-397.701141"/>
   <element name="light" layername="light" frame="8" z_index="54" m_a="-0.008235" m_b="-0.999966" m_c="0.999966" m_d="-0.008235" m_tx="-201.501099" m_ty="10.729019"/>
   <element name="hands" layername="sword" frame="1" z_index="52" m_a="1.000000" m_b="0.000000" m_c="0.000000" m_d="1.000000" m_tx="-198.850571" m_ty="-398.850586"/>
  </frame>
  <frame idx="50" w="449" h="665" x="-1.822891" y="-194.060791">
   <element name="torso" layername="body" frame="4" z_index="53" m_a="1.000000" m_b="0.000000" m_c="0.000000" m_d="1.000000" m_tx="-199.000000" m_ty="-397.701141"/>
   <element name="light" layername="light" frame="9" z_index="54" m_a="-0.008235" m_b="-0.999966" m_c="0.999966" m_d="-0.008235" m_tx="-201.501099" m_ty="10.729019"/>
   <element name="hands" layername="sword" frame="1" z_index="52" m_a="1.000000" m_b="0.000000" m_c="0.000000" m_d="1.000000" m_tx="-198.850571" m_ty="-398.850586"/>
  </frame>
  <frame idx="75" w="449" h="665" x="-1.822891" y="-194.060791">
   <element name="torso" layername="body" frame="4" z_index="53" m_a="1.000000" m_b="0.000000" m_c="0.000000" m_d="1.000000" m_tx="-199.000000" m_ty="-397.701141"/>
   <element name="light" layername="light" frame="10" z_index="54" m_a="-0.008235" m_b="-0.999966" m_c="0.999966" m_d="-0.008235" m_tx="-201.501099" m_ty="10.729019"/>
   <element name="hands" layername="sword" frame="1" z_index="52" m_a="1.000000" m_b="0.000000" m_c="0.000000" m_d="1.000000" m_tx="-198.850571" m_ty="-398.850586"/>
  </frame>
 </anim>
 <anim name="run_loop_up" root="gate_of_babylon" numframes="100" framerate="40">
  <frame idx="0" w="464" h="676" x="6.477249" y="-186.452896">
   <element name="torso" layername="body" frame="4" z_index="53" m_a="1.000000" m_b="0.000000" m_c="0.000000" m_d="1.000000" m_tx="-199.000000" m_ty="-397.701141"/>
   <element name="light" layername="light" frame="8" z_index="54" m_a="-0.997481" m_b="-0.070933" m_c="0.070933" m_d="-0.997481" m_tx="191.786865" m_ty="27.229919"/>
   <element name="hands" layername="sword" frame="1" z_index="52" m_a="1.000000" m_b="0.000000" m_c="0.000000" m_d="1.000000" m_tx="-198.850571" m_ty="-398.850586"/>
  </frame>
  <frame idx="25" w="464" h="676" x="6.477249" y="-186.452896">
   <element name="torso" layername="body" frame="4" z_index="53" m_a="1.000000" m_b="0.000000" m_c="0.000000" m_d="1.000000" m_tx="-199.000000" m_ty="-397.701141"/>
   <element name="light" layername="light" frame="8" z_index="54" m_a="-0.997481" m_b="-0.070933" m_c="0.070933" m_d="-0.997481" m_tx="191.786865" m_ty="27.229919"/>
   <element name="hands" layername="sword" frame="1" z_index="52" m_a="1.000000" m_b="0.000000" m_c="0.000000" m_d="1.000000" m_tx="-198.850571" m_ty="-398.850586"/>
  </frame>
  <frame idx="50" w="464" h="676" x="6.477249" y="-186.452896">
   <element name="torso" layername="body" frame="4" z_index="53" m_a="1.000000" m_b="0.000000" m_c="0.000000" m_d="1.000000" m_tx="-199.000000" m_ty="-397.701141"/>
   <element name="light" layername="light" frame="9" z_index="54" m_a="-0.997481" m_b="-0.070933" m_c="0.070933" m_d="-0.997481" m_tx="191.786865" m_ty="27.229919"/>
   <element name="hands" layername="sword" frame="1" z_index="52" m_a="1.000000" m_b="0.000000" m_c="0.000000" m_d="1.000000" m_tx="-198.850571" m_ty="-398.850586"/>
  </frame>
  <frame idx="75" w="464" h="676" x="6.477249" y="-186.452896">
   <element name="torso" layername="body" frame="4" z_index="53" m_a="1.000000" m_b="0.000000" m_c="0.000000" m_d="1.000000" m_tx="-199.000000" m_ty="-397.701141"/>
   <element name="light" layername="light" frame="10" z_index="54" m_a="-0.997481" m_b="-0.070933" m_c="0.070933" m_d="-0.997481" m_tx="191.786865" m_ty="27.229919"/>
   <element name="hands" layername="sword" frame="1" z_index="52" m_a="1.000000" m_b="0.000000" m_c="0.000000" m_d="1.000000" m_tx="-198.850571" m_ty="-398.850586"/>
  </frame>
 </anim>
 <anim name="run_pre_down" root="gate_of_babylon" numframes="150" framerate="40">
  <frame idx="0" w="440" h="664" x="1.074677" y="-199.425293">
   <element name="torso" layername="body" frame="0" z_index="53" m_a="1.000000" m_b="0.000000" m_c="0.000000" m_d="1.000000" m_tx="-199.000061" m_ty="-397.701172"/>
   <element name="light" layername="light" frame="0" z_index="54" m_a="1.000000" m_b="0.000000" m_c="0.000000" m_d="1.000000" m_tx="-198.850571" m_ty="-401.149414"/>
   <element name="hands" layername="sword" frame="0" z_index="52" m_a="1.000000" m_b="0.000000" m_c="0.000000" m_d="1.000000" m_tx="-198.850571" m_ty="-398.850586"/>
  </frame>
  <frame idx="25" w="569" h="797" x="12.241486" y="-195.126007">
   <element name="torso" layername="body" frame="0" z_index="53" m_a="-0.407318" m_b="0.913287" m_c="-0.913287" m_d="-0.407318" m_tx="276.362335" m_ty="-296.319763"/>
   <element name="light" layername="light" frame="0" z_index="54" m_a="1.000000" m_b="0.000000" m_c="0.000000" m_d="1.000000" m_tx="-198.850571" m_ty="-401.149414"/>
   <element name="hands" layername="sword" frame="0" z_index="52" m_a="1.000000" m_b="0.000000" m_c="0.000000" m_d="1.000000" m_tx="-198.850571" m_ty="-398.850586"/>
  </frame>
  <frame idx="50" w="609" h="821" x="6.689880" y="-185.951599">
   <element name="torso" layername="body" frame="0" z_index="53" m_a="-0.803308" m_b="-0.595564" m_c="0.595564" m_d="-0.803308" m_tx="48.238754" m_ty="93.822784"/>
   <element name="light" layername="light" frame="0" z_index="54" m_a="1.000000" m_b="0.000000" m_c="0.000000" m_d="1.000000" m_tx="-198.850571" m_ty="-401.149414"/>
   <element name="hands" layername="sword" frame="0" z_index="52" m_a="1.000000" m_b="0.000000" m_c="0.000000" m_d="1.000000" m_tx="-198.850571" m_ty="-398.850586"/>
  </frame>
  <frame idx="75" w="619" h="829" x="-1.040924" y="-191.954041">
   <element name="torso" layername="body" frame="0" z_index="53" m_a="0.606442" m_b="-0.795128" m_c="0.795128" m_d="0.606442" m_tx="-281.354889" m_ty="-154.216949"/>
   <element name="light" layername="light" frame="0" z_index="54" m_a="1.000000" m_b="0.000000" m_c="0.000000" m_d="1.000000" m_tx="-198.850571" m_ty="-401.149414"/>
   <element name="hands" layername="sword" frame="0" z_index="52" m_a="1.000000" m_b="0.000000" m_c="0.000000" m_d="1.000000" m_tx="-198.850571" m_ty="-398.850586"/>
  </frame>
  <frame idx="100" w="451" h="669" x="0.876038" y="-197.577957">
   <element name="torso" layername="body" frame="4" z_index="53" m_a="0.999677" m_b="-0.025416" m_c="0.025416" m_d="0.999677" m_tx="-204.142563" m_ty="-392.430115"/>
   <element name="light" layername="light" frame="2" z_index="54" m_a="1.000000" m_b="0.000000" m_c="0.000000" m_d="1.000000" m_tx="-198.850571" m_ty="-401.149414"/>
   <element name="hands" layername="sword" frame="1" z_index="52" m_a="1.000000" m_b="0.000000" m_c="0.000000" m_d="1.000000" m_tx="-198.850571" m_ty="-398.850586"/>
  </frame>
  <frame idx="125" w="446" h="666" x="0.936371" y="-198.106644">
   <element name="torso" layername="body" frame="4" z_index="53" m_a="0.999916" m_b="-0.012958" m_c="0.012958" m_d="0.999916" m_tx="-201.638474" m_ty="-395.030273"/>
   <element name="light" layername="light" frame="6" z_index="54" m_a="1.000000" m_b="0.000000" m_c="0.000000" m_d="1.000000" m_tx="-198.850571" m_ty="-401.149414"/>
   <element name="hands" layername="sword" frame="1" z_index="52" m_a="1.000000" m_b="0.000000" m_c="0.000000" m_d="1.000000" m_tx="-198.850571" m_ty="-398.850586"/>
  </frame>
 </anim>
 <anim name="run_pre_side" root="gate_of_babylon" numframes="150" framerate="40">
  <frame idx="0" w="487" h="690" x="-3.315430" y="-188.127258">
   <element name="torso" layername="body" frame="1" z_index="53" m_a="1.000000" m_b="0.000000" m_c="0.000000" m_d="1.000000" m_tx="-199.000061" m_ty="-399.109619"/>
   <element name="light" layername="light" frame="3" z_index="54" m_a="1.000000" m_b="0.000000" m_c="0.000000" m_d="1.000000" m_tx="-198.850571" m_ty="-401.149414"/>
   <element name="hands" layername="sword" frame="0" z_index="52" m_a="0.100473" m_b="-0.994940" m_c="0.994940" m_d="0.100473" m_tx="-222.398010" m_ty="-9.233917"/>
  </frame>
  <frame idx="25" w="487" h="690" x="-3.315430" y="-188.127258">
   <element name="torso" layername="body" frame="1" z_index="53" m_a="0.999964" m_b="-0.008445" m_c="0.008445" m_d="0.999964" m_tx="-200.723480" m_ty="-396.199158"/>
   <element name="light" layername="light" frame="3" z_index="54" m_a="1.000000" m_b="0.000000" m_c="0.000000" m_d="1.000000" m_tx="-198.850571" m_ty="-401.149414"/>
   <element name="hands" layername="sword" frame="0" z_index="52" m_a="0.100473" m_b="-0.994940" m_c="0.994940" m_d="0.100473" m_tx="-222.398010" m_ty="-9.233917"/>
  </frame>
  <frame idx="50" w="487" h="690" x="-3.315430" y="-188.127258">
   <element name="torso" layername="body" frame="2" z_index="53" m_a="0.999857" m_b="-0.016890" m_c="0.016890" m_d="0.999857" m_tx="-202.432159" m_ty="-394.213165"/>
   <element name="light" layername="light" frame="3" z_index="54" m_a="1.000000" m_b="0.000000" m_c="0.000000" m_d="1.000000" m_tx="-198.850571" m_ty="-401.149414"/>
   <element name="hands" layername="sword" frame="0" z_index="52" m_a="0.100473" m_b="-0.994940" m_c="0.994940" m_d="0.100473" m_tx="-222.398010" m_ty="-9.233917"/>
  </frame>
  <frame idx="75" w="487" h="690" x="-3.315430" y="-188.127258">
   <element name="torso" layername="body" frame="3" z_index="53" m_a="0.999679" m_b="-0.025333" m_c="0.025333" m_d="0.999679" m_tx="-204.125992" m_ty="-392.447571"/>
   <element name="light" layername="light" frame="3" z_index="54" m_a="1.000000" m_b="0.000000" m_c="0.000000" m_d="1.000000" m_tx="-198.850571" m_ty="-401.149414"/>
   <element name="hands" layername="sword" frame="0" z_index="52" m_a="0.100473" m_b="-0.994940" m_c="0.994940" m_d="0.100473" m_tx="-222.398010" m_ty="-9.233917"/>
  </frame>
  <frame idx="100" w="487" h="690" x="-3.315430" y="-188.127258">
   <element name="torso" layername="body" frame="4" z_index="53" m_a="0.999677" m_b="-0.025416" m_c="0.025416" m_d="0.999677" m_tx="-204.142563" m_ty="-392.661011"/>
   <element name="light" layername="light" frame="2" z_index="54" m_a="1.000000" m_b="0.000000" m_c="0.000000" m_d="1.000000" m_tx="-198.850571" m_ty="-401.149414"/>
   <element name="hands" layername="sword" frame="1" z_index="52" m_a="0.100473" m_b="-0.994940" m_c="0.994940" m_d="0.100473" m_tx="-222.398010" m_ty="-9.233917"/>
  </frame>
  <frame idx="125" w="487" h="690" x="-3.315430" y="-188.127258">
   <element name="torso" layername="body" frame="4" z_index="53" m_a="0.999916" m_b="-0.012958" m_c="0.012958" m_d="0.999916" m_tx="-201.638474" m_ty="-395.838409"/>
   <element name="light" layername="light" frame="6" z_index="54" m_a="1.000000" m_b="0.000000" m_c="0.000000" m_d="1.000000" m_tx="-198.850571" m_ty="-401.149414"/>
   <element name="hands" layername="sword" frame="1" z_index="52" m_a="0.100473" m_b="-0.994940" m_c="0.994940" m_d="0.100473" m_tx="-222.398010" m_ty="-9.233917"/>
  </frame>
 </anim>
 <anim name="run_pre_up" root="gate_of_babylon" numframes="150" framerate="40">
  <frame idx="0" w="444" h="750" x="4.381088" y="-225.180908">
   <element name="torso" layername="body" frame="0" z_index="53" m_a="1.000000" m_b="0.000000" m_c="0.000000" m_d="1.000000" m_tx="-199.000061" m_ty="-397.701172"/>
   <element name="light" layername="light" frame="0" z_index="54" m_a="1.000000" m_b="0.000000" m_c="0.000000" m_d="1.000000" m_tx="-198.850571" m_ty="-401.149414"/>
   <element name="hands" layername="sword" frame="0" z_index="52" m_a="-0.999901" m_b="-0.014070" m_c="0.014070" m_d="-0.999901" m_tx="202.134354" m_ty="-47.072357"/>
  </frame>
  <frame idx="25" w="569" h="797" x="12.241486" y="-195.126007">
   <element name="torso" layername="body" frame="0" z_index="53" m_a="-0.407318" m_b="0.913287" m_c="-0.913287" m_d="-0.407318" m_tx="276.362335" m_ty="-296.319763"/>
   <element name="light" layername="light" frame="0" z_index="54" m_a="1.000000" m_b="0.000000" m_c="0.000000" m_d="1.000000" m_tx="-198.850571" m_ty="-401.149414"/>
   <element name="hands" layername="sword" frame="0" z_index="52" m_a="-0.999381" m_b="0.035170" m_c="-0.035170" m_d="-0.999381" m_tx="214.853226" m_ty="-56.410660"/>
  </frame>
  <frame idx="50" w="609" h="821" x="6.689880" y="-185.951599">
   <element name="torso" layername="body" frame="0" z_index="53" m_a="-0.803308" m_b="-0.595564" m_c="0.595564" m_d="-0.803308" m_tx="48.238754" m_ty="93.822784"/>
   <element name="light" layername="light" frame="0" z_index="54" m_a="1.000000" m_b="0.000000" m_c="0.000000" m_d="1.000000" m_tx="-198.850571" m_ty="-401.149414"/>
   <element name="hands" layername="sword" frame="0" z_index="52" m_a="-0.998838" m_b="0.048194" m_c="-0.048194" m_d="-0.998838" m_tx="218.134674" m_ty="-57.072876"/>
  </frame>
  <frame idx="75" w="619" h="829" x="-1.040924" y="-191.954041">
   <element name="torso" layername="body" frame="0" z_index="53" m_a="0.606442" m_b="-0.795128" m_c="0.795128" m_d="0.606442" m_tx="-281.354889" m_ty="-154.216949"/>
   <element name="light" layername="light" frame="0" z_index="54" m_a="1.000000" m_b="0.000000" m_c="0.000000" m_d="1.000000" m_tx="-198.850571" m_ty="-401.149414"/>
   <element name="hands" layername="sword" frame="0" z_index="52" m_a="-0.999462" m_b="0.032790" m_c="-0.032790" m_d="-0.999462" m_tx="214.249924" m_ty="-51.076004"/>
  </frame>
  <frame idx="100" w="454" h="747" x="3.086166" y="-221.104126">
   <element name="torso" layername="body" frame="4" z_index="53" m_a="0.999677" m_b="-0.025416" m_c="0.025416" m_d="0.999677" m_tx="-204.142563" m_ty="-392.430115"/>
   <element name="light" layername="light" frame="2" z_index="54" m_a="1.000000" m_b="0.000000" m_c="0.000000" m_d="1.000000" m_tx="-198.850571" m_ty="-401.149414"/>
   <element name="hands" layername="sword" frame="1" z_index="52" m_a="-0.999849" m_b="0.017379" m_c="-0.017379" m_d="-0.999849" m_tx="210.314911" m_ty="-49.709335"/>
  </frame>
  <frame idx="125" w="447" h="744" x="2.345856" y="-221.727066">
   <element name="torso" layername="body" frame="4" z_index="53" m_a="0.999916" m_b="-0.012958" m_c="0.012958" m_d="0.999916" m_tx="-201.638474" m_ty="-395.030273"/>
   <element name="light" layername="light" frame="6" z_index="54" m_a="1.000000" m_b="0.000000" m_c="0.000000" m_d="1.000000" m_tx="-198.850571" m_ty="-401.149414"/>
   <element name="hands" layername="sword" frame="1" z_index="52" m_a="-0.999998" m_b="0.001963" m_c="-0.001963" m_d="-0.999998" m_tx="206.330200" m_ty="-48.391037"/>
  </frame>
 </anim>
 <anim name="death" root="gate_of_babylon" numframes="150" framerate="40">
  <frame idx="0" w="440" h="664" x="1.074677" y="-199.425201">
   <element name="torso" layername="body" frame="0" z_index="53" m_a="1.000000" m_b="0.000000" m_c="0.000000" m_d="1.000000" m_tx="-199.000076" m_ty="-397.700989"/>
   <element name="light" layername="light" frame="0" z_index="54" m_a="1.000000" m_b="0.000000" m_c="0.000000" m_d="1.000000" m_tx="-198.850571" m_ty="-401.149414"/>
   <element name="hands" layername="sword" frame="1" z_index="52" m_a="1.000000" m_b="0.000000" m_c="0.000000" m_d="1.000000" m_tx="-198.850586" m_ty="-398.850647"/>
  </frame>
  <frame idx="25" w="543" h="759" x="11.214951" y="-185.634018">
   <element name="torso" layername="body" frame="0" z_index="53" m_a="-0.308702" m_b="0.951159" m_c="-0.951159" m_d="-0.308702" m_tx="263.187103" m_ty="-314.125427"/>
   <element name="light" layername="light" frame="0" z_index="54" m_a="1.000000" m_b="0.000000" m_c="0.000000" m_d="1.000000" m_tx="-199.633041" m_ty="-399.584473"/>
   <element name="hands" layername="sword" frame="1" z_index="52" m_a="1.000000" m_b="0.000000" m_c="0.000000" m_d="1.000000" m_tx="-198.850586" m_ty="-398.850647"/>
  </frame>
  <frame idx="50" w="623" h="817" x="-3.694489" y="-179.821716">
   <element name="torso" layername="body" frame="0" z_index="53" m_a="-0.789061" m_b="-0.614315" m_c="0.614315" m_d="-0.789061" m_tx="31.254757" m_ty="100.853439"/>
   <element name="light" layername="light" frame="0" z_index="54" m_a="1.000000" m_b="0.000000" m_c="0.000000" m_d="1.000000" m_tx="-200.415527" m_ty="-398.019531"/>
   <element name="hands" layername="sword" frame="1" z_index="52" m_a="1.000000" m_b="0.000000" m_c="0.000000" m_d="1.000000" m_tx="-198.850586" m_ty="-398.850647"/>
  </frame>
  <frame idx="75" w="539" h="739" x="-6.615662" y="-191.111664">
   <element name="torso" layername="body" frame="0" z_index="53" m_a="0.378610" m_b="-0.815260" m_c="0.827503" m_d="0.384296" m_tx="-247.838333" m_ty="-104.918846"/>
   <element name="light" layername="light" frame="0" z_index="54" m_a="1.000000" m_b="0.000000" m_c="0.000000" m_d="1.000000" m_tx="-201.197998" m_ty="-396.454590"/>
   <element name="hands" layername="sword" frame="1" z_index="52" m_a="1.000000" m_b="0.000000" m_c="0.000000" m_d="1.000000" m_tx="-198.850586" m_ty="-398.850647"/>
  </frame>
  <frame idx="100" w="444" h="662" x="-0.224670" y="-197.251862">
   <element name="torso" layername="body" frame="0" z_index="53" m_a="0.206442" m_b="-0.376463" m_c="0.385948" m_d="0.211643" m_tx="-120.666061" m_ty="-156.782181"/>
   <element name="light" layername="light" frame="2" z_index="54" m_a="1.000000" m_b="0.000000" m_c="0.000000" m_d="1.000000" m_tx="-201.598770" m_ty="-395.653046"/>
   <element name="hands" layername="sword" frame="1" z_index="52" m_a="1.000000" m_b="0.000000" m_c="0.000000" m_d="1.000000" m_tx="-198.850586" m_ty="-398.850647"/>
  </frame>
  <frame idx="125" w="444" h="662" x="-0.138794" y="-197.423615">
   <element name="torso" layername="body" frame="4" z_index="53" m_a="0.510832" m_b="-0.397344" m_c="0.401451" m_d="0.516111" m_tx="-185.015518" m_ty="-216.451508"/>
   <element name="light" layername="light" frame="6" z_index="54" m_a="1.000000" m_b="0.000000" m_c="0.000000" m_d="1.000000" m_tx="-201.427017" m_ty="-395.996552"/>
   <element name="hands" layername="sword" frame="1" z_index="52" m_a="1.000000" m_b="0.000000" m_c="0.000000" m_d="1.000000" m_tx="-198.850586" m_ty="-398.850647"/>
  </frame>
 </anim>
 <anim name="idle_loop_side" root="gate_of_babylon" numframes="150" framerate="40">
  <frame idx="0" w="475" h="678" x="-4.191711" y="-187.130875">
   <element name="torso" layername="body" frame="1" z_index="53" m_a="1.000000" m_b="0.000000" m_c="0.000000" m_d="1.000000" m_tx="-199.000000" m_ty="-397.701141"/>
   <element name="light" layername="light" frame="3" z_index="54" m_a="1.000000" m_b="0.000000" m_c="0.000000" m_d="1.000000" m_tx="-198.850571" m_ty="-401.149414"/>
   <element name="hands" layername="sword" frame="0" z_index="52" m_a="0.069411" m_b="-0.997588" m_c="0.997588" m_d="0.069411" m_tx="-217.591522" m_ty="-0.876663"/>
  </frame>
  <frame idx="25" w="475" h="679" x="-3.741241" y="-185.892136">
   <element name="torso" layername="body" frame="1" z_index="53" m_a="1.000000" m_b="0.000000" m_c="0.000000" m_d="1.000000" m_tx="-199.000000" m_ty="-397.701141"/>
   <element name="light" layername="light" frame="3" z_index="54" m_a="1.000000" m_b="0.000000" m_c="0.000000" m_d="1.000000" m_tx="-198.850571" m_ty="-401.149414"/>
   <element name="hands" layername="sword" frame="0" z_index="52" m_a="0.069411" m_b="-0.997588" m_c="0.997588" m_d="0.069411" m_tx="-217.141068" m_ty="1.600815"/>
  </frame>
  <frame idx="50" w="475" h="680" x="-3.290802" y="-184.653397">
   <element name="torso" layername="body" frame="2" z_index="53" m_a="1.000000" m_b="0.000000" m_c="0.000000" m_d="1.000000" m_tx="-199.000000" m_ty="-397.701141"/>
   <element name="light" layername="light" frame="3" z_index="54" m_a="1.000000" m_b="0.000000" m_c="0.000000" m_d="1.000000" m_tx="-198.850571" m_ty="-401.149414"/>
   <element name="hands" layername="sword" frame="0" z_index="52" m_a="0.069411" m_b="-0.997588" m_c="0.997588" m_d="0.069411" m_tx="-216.690613" m_ty="4.078293"/>
  </frame>
  <frame idx="75" w="473" h="681" x="-2.840363" y="-183.414658">
   <element name="torso" layername="body" frame="2" z_index="53" m_a="1.000000" m_b="0.000000" m_c="0.000000" m_d="1.000000" m_tx="-198.549561" m_ty="-392.746185"/>
   <element name="light" layername="light" frame="3" z_index="54" m_a="1.000000" m_b="0.000000" m_c="0.000000" m_d="1.000000" m_tx="-198.850571" m_ty="-401.149414"/>
   <element name="hands" layername="sword" frame="0" z_index="52" m_a="0.069411" m_b="-0.997588" m_c="0.997588" m_d="0.069411" m_tx="-216.240158" m_ty="6.555771"/>
  </frame>
  <frame idx="100" w="473" h="684" x="-2.389923" y="-182.175919">
   <element name="torso" layername="body" frame="3" z_index="53" m_a="1.000000" m_b="0.000000" m_c="0.000000" m_d="1.000000" m_tx="-198.099106" m_ty="-387.791229"/>
   <element name="light" layername="light" frame="3" z_index="54" m_a="1.000000" m_b="0.000000" m_c="0.000000" m_d="1.000000" m_tx="-198.850571" m_ty="-401.149414"/>
   <element name="hands" layername="sword" frame="0" z_index="52" m_a="0.069411" m_b="-0.997588" m_c="0.997588" m_d="0.069411" m_tx="-215.789719" m_ty="9.033249"/>
  </frame>
  <frame idx="125" w="475" h="680" x="-3.290802" y="-184.653397">
   <element name="torso" layername="body" frame="3" z_index="53" m_a="1.000000" m_b="0.000000" m_c="0.000000" m_d="1.000000" m_tx="-198.549561" m_ty="-392.746185"/>
   <element name="light" layername="light" frame="3" z_index="54" m_a="1.000000" m_b="0.000000" m_c="0.000000" m_d="1.000000" m_tx="-198.850571" m_ty="-401.149414"/>
   <element name="hands" layername="sword" frame="0" z_index="52" m_a="0.069411" m_b="-0.997588" m_c="0.997588" m_d="0.069411" m_tx="-216.690613" m_ty="4.078293"/>
  </frame>
 </anim>
 <anim name="idle_loop_down" root="gate_of_babylon" numframes="600" framerate="40">
  <frame idx="0" w="443" h="664" x="0.380249" y="-199.425201">
   <element name="torso" layername="body" frame="0" z_index="53" m_a="1.000000" m_b="0.000000" m_c="0.000000" m_d="1.000000" m_tx="-199.000046" m_ty="-397.700989"/>
   <element name="light" layername="light" frame="0" z_index="54" m_a="1.000000" m_b="0.000000" m_c="0.000000" m_d="1.000000" m_tx="-198.850571" m_ty="-401.149414"/>
   <element name="hands" layername="sword" frame="0" z_index="52" m_a="1.000000" m_b="0.000000" m_c="0.000000" m_d="1.000000" m_tx="-200.388901" m_ty="-400.389038"/>
  </frame>
  <frame idx="25" w="560" h="785" x="5.702637" y="-198.784088">
   <element name="torso" layername="body" frame="0" z_index="53" m_a="0.937621" m_b="0.347659" m_c="-0.347659" m_d="0.937621" m_tx="-112.289803" m_ty="-455.840118"/>
   <element name="light" layername="light" frame="0" z_index="54" m_a="1.000000" m_b="0.000000" m_c="0.000000" m_d="1.000000" m_tx="-198.850571" m_ty="-401.149414"/>
   <element name="hands" layername="sword" frame="0" z_index="52" m_a="1.000000" m_b="0.000000" m_c="0.000000" m_d="1.000000" m_tx="-197.265457" m_ty="-401.638428"/>
  </frame>
  <frame idx="50" w="610" h="840" x="10.488464" y="-198.164673">
   <element name="torso" layername="body" frame="0" z_index="53" m_a="0.758267" m_b="0.651945" m_c="-0.651945" m_d="0.758267" m_tx="-10.775877" m_ty="-480.206940"/>
   <element name="light" layername="light" frame="0" z_index="54" m_a="1.000000" m_b="0.000000" m_c="0.000000" m_d="1.000000" m_tx="-198.850571" m_ty="-401.149414"/>
   <element name="hands" layername="sword" frame="0" z_index="52" m_a="1.000000" m_b="0.000000" m_c="0.000000" m_d="1.000000" m_tx="-194.272751" m_ty="-402.589172"/>
  </frame>
  <frame idx="75" w="582" h="814" x="14.760468" y="-195.920074">
   <element name="torso" layername="body" frame="0" z_index="53" m_a="0.484312" m_b="0.874895" m_c="-0.874895" m_d="0.484312" m_tx="92.877029" m_ty="-467.761627"/>
   <element name="light" layername="light" frame="0" z_index="54" m_a="1.000000" m_b="0.000000" m_c="0.000000" m_d="1.000000" m_tx="-198.850571" m_ty="-401.149414"/>
   <element name="hands" layername="sword" frame="0" z_index="52" m_a="1.000000" m_b="0.000000" m_c="0.000000" m_d="1.000000" m_tx="-191.966415" m_ty="-401.972290"/>
  </frame>
  <frame idx="100" w="482" h="713" x="17.985641" y="-192.330368">
   <element name="torso" layername="body" frame="0" z_index="53" m_a="0.149936" m_b="0.988696" m_c="-0.988696" m_d="0.149936" m_tx="185.737518" m_ty="-420.056763"/>
   <element name="light" layername="light" frame="0" z_index="54" m_a="1.000000" m_b="0.000000" m_c="0.000000" m_d="1.000000" m_tx="-198.850571" m_ty="-401.149414"/>
   <element name="hands" layername="sword" frame="0" z_index="52" m_a="1.000000" m_b="0.000000" m_c="0.000000" m_d="1.000000" m_tx="-189.660080" m_ty="-401.355438"/>
  </frame>
  <frame idx="125" w="500" h="728" x="19.761612" y="-187.843216">
   <element name="torso" layername="body" frame="0" z_index="53" m_a="-0.203146" m_b="0.979149" m_c="-0.979149" m_d="-0.203146" m_tx="256.220428" m_ty="-343.043854"/>
   <element name="light" layername="light" frame="0" z_index="54" m_a="1.000000" m_b="0.000000" m_c="0.000000" m_d="1.000000" m_tx="-198.850571" m_ty="-401.149414"/>
   <element name="hands" layername="sword" frame="0" z_index="52" m_a="1.000000" m_b="0.000000" m_c="0.000000" m_d="1.000000" m_tx="-188.854645" m_ty="-396.763855"/>
  </frame>
  <frame idx="150" w="586" h="809" x="19.866806" y="-183.018646">
   <element name="torso" layername="body" frame="0" z_index="53" m_a="-0.530883" m_b="0.847445" m_c="-0.847445" m_d="-0.530883" m_tx="295.532440" m_ty="-246.331039"/>
   <element name="light" layername="light" frame="0" z_index="54" m_a="1.000000" m_b="0.000000" m_c="0.000000" m_d="1.000000" m_tx="-198.850571" m_ty="-401.149414"/>
   <element name="hands" layername="sword" frame="0" z_index="52" m_a="1.000000" m_b="0.000000" m_c="0.000000" m_d="1.000000" m_tx="-188.278793" m_ty="-391.907471"/>
  </frame>
  <frame idx="175" w="598" h="814" x="18.288147" y="-178.458374">
   <element name="torso" layername="body" frame="0" z_index="53" m_a="-0.792389" m_b="0.610016" m_c="-0.610016" m_d="-0.792389" m_tx="298.769165" m_ty="-141.983780"/>
   <element name="light" layername="light" frame="0" z_index="54" m_a="1.000000" m_b="0.000000" m_c="0.000000" m_d="1.000000" m_tx="-198.850571" m_ty="-401.149414"/>
   <element name="hands" layername="sword" frame="0" z_index="52" m_a="1.000000" m_b="0.000000" m_c="0.000000" m_d="1.000000" m_tx="-190.080963" m_ty="-388.990479"/>
  </frame>
  <frame idx="200" w="535" h="744" x="15.222519" y="-174.731445">
   <element name="torso" layername="body" frame="0" z_index="53" m_a="-0.955038" m_b="0.296483" m_c="-0.296483" m_d="-0.955038" m_tx="265.526733" m_ty="-43.020386"/>
   <element name="light" layername="light" frame="0" z_index="54" m_a="1.000000" m_b="0.000000" m_c="0.000000" m_d="1.000000" m_tx="-198.850571" m_ty="-401.149414"/>
   <element name="hands" layername="sword" frame="0" z_index="52" m_a="1.000000" m_b="0.000000" m_c="0.000000" m_d="1.000000" m_tx="-191.883133" m_ty="-386.073486"/>
  </frame>
  <frame idx="225" w="448" h="680" x="8.896698" y="-184.619827">
   <element name="torso" layername="body" frame="0" z_index="53" m_a="-0.999728" m_b="0.023338" m_c="-0.023338" m_d="-0.999728" m_tx="216.643967" m_ty="22.574661"/>
   <element name="light" layername="light" frame="0" z_index="54" m_a="1.000000" m_b="0.000000" m_c="0.000000" m_d="1.000000" m_tx="-198.850571" m_ty="-401.149414"/>
   <element name="hands" layername="sword" frame="0" z_index="52" m_a="1.000000" m_b="0.000000" m_c="0.000000" m_d="1.000000" m_tx="-192.989456" m_ty="-386.968231"/>
  </frame>
  <frame idx="250" w="528" h="726" x="8.405579" y="-171.627747">
   <element name="torso" layername="body" frame="0" z_index="53" m_a="-0.967833" m_b="-0.251595" m_c="0.251595" m_d="-0.967833" m_tx="151.653107" m_ty="72.257782"/>
   <element name="light" layername="light" frame="0" z_index="54" m_a="1.000000" m_b="0.000000" m_c="0.000000" m_d="1.000000" m_tx="-198.850571" m_ty="-401.149414"/>
   <element name="hands" layername="sword" frame="0" z_index="52" m_a="1.000000" m_b="0.000000" m_c="0.000000" m_d="1.000000" m_tx="-194.095779" m_ty="-387.862946"/>
  </frame>
  <frame idx="275" w="598" h="792" x="4.624298" y="-171.587128">
   <element name="torso" layername="body" frame="0" z_index="53" m_a="-0.861796" m_b="-0.507254" m_c="0.507254" m_d="-0.861796" m_tx="75.532753" m_ty="102.223022"/>
   <element name="light" layername="light" frame="0" z_index="54" m_a="1.000000" m_b="0.000000" m_c="0.000000" m_d="1.000000" m_tx="-198.850571" m_ty="-401.149414"/>
   <element name="hands" layername="sword" frame="0" z_index="52" m_a="1.000000" m_b="0.000000" m_c="0.000000" m_d="1.000000" m_tx="-195.694717" m_ty="-385.884094"/>
  </frame>
  <frame idx="300" w="622" h="813" x="0.976746" y="-172.584534">
   <element name="torso" layername="body" frame="0" z_index="53" m_a="-0.689742" m_b="-0.724055" m_c="0.724055" m_d="-0.689742" m_tx="-5.885831" m_ty="110.174896"/>
   <element name="light" layername="light" frame="0" z_index="54" m_a="1.000000" m_b="0.000000" m_c="0.000000" m_d="1.000000" m_tx="-198.850571" m_ty="-401.149414"/>
   <element name="hands" layername="sword" frame="0" z_index="52" m_a="1.000000" m_b="0.000000" m_c="0.000000" m_d="1.000000" m_tx="-197.293655" m_ty="-383.905273"/>
  </frame>
  <frame idx="325" w="598" h="787" x="-2.257751" y="-174.543640">
   <element name="torso" layername="body" frame="0" z_index="53" m_a="-0.464850" m_b="-0.885390" m_c="0.885390" m_d="-0.464850" m_tx="-86.365692" m_ty="95.504242"/>
   <element name="light" layername="light" frame="0" z_index="54" m_a="1.000000" m_b="0.000000" m_c="0.000000" m_d="1.000000" m_tx="-198.850571" m_ty="-401.149414"/>
   <element name="hands" layername="sword" frame="0" z_index="52" m_a="1.000000" m_b="0.000000" m_c="0.000000" m_d="1.000000" m_tx="-199.850433" m_ty="-384.704193"/>
  </frame>
  <frame idx="350" w="527" h="717" x="-4.831253" y="-177.314240">
   <element name="torso" layername="body" frame="0" z_index="53" m_a="-0.204347" m_b="-0.978898" m_c="0.978898" m_d="-0.204347" m_tx="-159.741470" m_ty="59.334915"/>
   <element name="light" layername="light" frame="0" z_index="54" m_a="1.000000" m_b="0.000000" m_c="0.000000" m_d="1.000000" m_tx="-198.850571" m_ty="-401.149414"/>
   <element name="hands" layername="sword" frame="0" z_index="52" m_a="1.000000" m_b="0.000000" m_c="0.000000" m_d="1.000000" m_tx="-202.407227" m_ty="-385.503113"/>
  </frame>
  <frame idx="375" w="479" h="681" x="-6.546799" y="-183.994064">
   <element name="torso" layername="body" frame="0" z_index="53" m_a="0.071809" m_b="-0.997418" m_c="0.997418" m_d="0.071809" m_tx="-220.392288" m_ty="4.437668"/>
   <element name="light" layername="light" frame="0" z_index="54" m_a="1.000000" m_b="0.000000" m_c="0.000000" m_d="1.000000" m_tx="-198.850571" m_ty="-401.149414"/>
   <element name="hands" layername="sword" frame="0" z_index="52" m_a="1.000000" m_b="0.000000" m_c="0.000000" m_d="1.000000" m_tx="-203.354813" m_ty="-388.141144"/>
  </frame>
  <frame idx="400" w="574" h="768" x="-7.272827" y="-184.395325">
   <element name="torso" layername="body" frame="0" z_index="53" m_a="0.342464" m_b="-0.939531" m_c="0.939531" m_d="0.342464" m_tx="-263.671875" m_ty="-64.982048"/>
   <element name="light" layername="light" frame="0" z_index="54" m_a="1.000000" m_b="0.000000" m_c="0.000000" m_d="1.000000" m_tx="-198.850571" m_ty="-401.149414"/>
   <element name="hands" layername="sword" frame="0" z_index="52" m_a="1.000000" m_b="0.000000" m_c="0.000000" m_d="1.000000" m_tx="-204.302414" m_ty="-390.779175"/>
  </frame>
  <frame idx="425" w="607" h="803" x="-7.227112" y="-186.478516">
   <element name="torso" layername="body" frame="0" z_index="53" m_a="0.481351" m_b="-0.876528" m_c="0.876528" m_d="0.481351" m_tx="-278.802917" m_ty="-107.443268"/>
   <element name="light" layername="light" frame="0" z_index="54" m_a="1.000000" m_b="0.000000" m_c="0.000000" m_d="1.000000" m_tx="-198.850571" m_ty="-401.149414"/>
   <element name="hands" layername="sword" frame="0" z_index="52" m_a="1.000000" m_b="0.000000" m_c="0.000000" m_d="1.000000" m_tx="-203.813217" m_ty="-391.980408"/>
  </frame>
  <frame idx="450" w="625" h="825" x="-6.865082" y="-188.530487">
   <element name="torso" layername="body" frame="0" z_index="53" m_a="0.609043" m_b="-0.793137" m_c="0.793137" m_d="0.609043" m_tx="-287.301117" m_ty="-151.711517"/>
   <element name="light" layername="light" frame="0" z_index="54" m_a="1.000000" m_b="0.000000" m_c="0.000000" m_d="1.000000" m_tx="-198.850571" m_ty="-401.149414"/>
   <element name="hands" layername="sword" frame="0" z_index="52" m_a="1.000000" m_b="0.000000" m_c="0.000000" m_d="1.000000" m_tx="-203.324036" m_ty="-393.181641"/>
  </frame>
  <frame idx="475" w="630" h="833" x="-6.195282" y="-190.503571">
   <element name="torso" layername="body" frame="0" z_index="53" m_a="0.722568" m_b="-0.691300" m_c="0.691300" m_d="0.722568" m_tx="-288.968872" m_ty="-196.757324"/>
   <element name="light" layername="light" frame="0" z_index="54" m_a="1.000000" m_b="0.000000" m_c="0.000000" m_d="1.000000" m_tx="-198.850571" m_ty="-401.149414"/>
   <element name="hands" layername="sword" frame="0" z_index="52" m_a="1.000000" m_b="0.000000" m_c="0.000000" m_d="1.000000" m_tx="-202.834839" m_ty="-394.382874"/>
  </frame>
  <frame idx="500" w="620" h="825" x="-5.233215" y="-192.351837">
   <element name="torso" layername="body" frame="0" z_index="53" m_a="0.819288" m_b="-0.573383" m_c="0.573383" m_d="0.819288" m_tx="-283.767273" m_ty="-241.532776"/>
   <element name="light" layername="light" frame="0" z_index="54" m_a="1.000000" m_b="0.000000" m_c="0.000000" m_d="1.000000" m_tx="-198.850571" m_ty="-401.149414"/>
   <element name="hands" layername="sword" frame="0" z_index="52" m_a="1.000000" m_b="0.000000" m_c="0.000000" m_d="1.000000" m_tx="-202.345657" m_ty="-395.584106"/>
  </frame>
  <frame idx="525" w="594" h="803" x="-4.001282" y="-194.032349">
   <element name="torso" layername="body" frame="0" z_index="53" m_a="0.896951" m_b="-0.442130" m_c="0.442130" m_d="0.896951" m_tx="-271.817444" m_ty="-284.996613"/>
   <element name="light" layername="light" frame="0" z_index="54" m_a="1.000000" m_b="0.000000" m_c="0.000000" m_d="1.000000" m_tx="-198.850571" m_ty="-401.149414"/>
   <element name="hands" layername="sword" frame="0" z_index="52" m_a="1.000000" m_b="0.000000" m_c="0.000000" m_d="1.000000" m_tx="-201.856461" m_ty="-396.785339"/>
  </frame>
  <frame idx="550" w="556" h="768" x="-2.528107" y="-195.505920">
   <element name="torso" layername="body" frame="0" z_index="53" m_a="0.953753" m_b="-0.300593" m_c="0.300593" m_d="0.953753" m_tx="-253.397232" m_ty="-326.137817"/>
   <element name="light" layername="light" frame="0" z_index="54" m_a="1.000000" m_b="0.000000" m_c="0.000000" m_d="1.000000" m_tx="-198.850571" m_ty="-401.149414"/>
   <element name="hands" layername="sword" frame="0" z_index="52" m_a="1.000000" m_b="0.000000" m_c="0.000000" m_d="1.000000" m_tx="-201.367279" m_ty="-397.986572"/>
  </frame>
  <frame idx="575" w="504" h="719" x="-0.848022" y="-196.738342">
   <element name="torso" layername="body" frame="0" z_index="53" m_a="0.988370" m_b="-0.152065" m_c="0.152065" m_d="0.988370" m_tx="-228.935104" m_ty="-363.999451"/>
   <element name="light" layername="light" frame="0" z_index="54" m_a="1.000000" m_b="0.000000" m_c="0.000000" m_d="1.000000" m_tx="-198.850571" m_ty="-401.149414"/>
   <element name="hands" layername="sword" frame="0" z_index="52" m_a="1.000000" m_b="0.000000" m_c="0.000000" m_d="1.000000" m_tx="-200.878082" m_ty="-399.187805"/>
  </frame>
 </anim>
 <anim name="idle_loop_up" root="gate_of_babylon" numframes="600" framerate="40">
  <frame idx="0" w="472" h="778" x="6.441452" y="-233.810516">
   <element name="torso" layername="body" frame="0" z_index="53" m_a="1.000000" m_b="0.000000" m_c="0.000000" m_d="1.000000" m_tx="-199.000046" m_ty="-397.700989"/>
   <element name="light" layername="light" frame="0" z_index="54" m_a="1.000000" m_b="0.000000" m_c="0.000000" m_d="1.000000" m_tx="-198.850571" m_ty="-401.149414"/>
   <element name="hands" layername="sword" frame="0" z_index="52" m_a="-0.995789" m_b="-0.091679" m_c="0.091679" m_d="-0.995789" m_tx="187.263474" m_ty="-34.933151"/>
  </frame>
  <frame idx="25" w="560" h="800" x="5.702637" y="-203.321198">
   <element name="torso" layername="body" frame="0" z_index="53" m_a="0.937621" m_b="0.347659" m_c="-0.347659" m_d="0.937621" m_tx="-112.289803" m_ty="-455.840118"/>
   <element name="light" layername="light" frame="0" z_index="54" m_a="1.000000" m_b="0.000000" m_c="0.000000" m_d="1.000000" m_tx="-198.850571" m_ty="-401.149414"/>
   <element name="hands" layername="sword" frame="0" z_index="52" m_a="-0.995789" m_b="-0.091679" m_c="0.091679" m_d="-0.995789" m_tx="187.263474" m_ty="-29.927414"/>
  </frame>
  <frame idx="50" w="610" h="840" x="10.488464" y="-198.164673">
   <element name="torso" layername="body" frame="0" z_index="53" m_a="0.758267" m_b="0.651945" m_c="-0.651945" m_d="0.758267" m_tx="-10.775877" m_ty="-480.206940"/>
   <element name="light" layername="light" frame="0" z_index="54" m_a="1.000000" m_b="0.000000" m_c="0.000000" m_d="1.000000" m_tx="-198.850571" m_ty="-401.149414"/>
   <element name="hands" layername="sword" frame="0" z_index="52" m_a="-0.995789" m_b="-0.091679" m_c="0.091679" m_d="-0.995789" m_tx="187.732468" m_ty="-25.737000"/>
  </frame>
  <frame idx="75" w="582" h="814" x="14.760468" y="-195.920074">
   <element name="torso" layername="body" frame="0" z_index="53" m_a="0.484312" m_b="0.874895" m_c="-0.874895" m_d="0.484312" m_tx="92.877029" m_ty="-467.761627"/>
   <element name="light" layername="light" frame="0" z_index="54" m_a="1.000000" m_b="0.000000" m_c="0.000000" m_d="1.000000" m_tx="-198.850571" m_ty="-401.149414"/>
   <element name="hands" layername="sword" frame="0" z_index="52" m_a="-0.995789" m_b="-0.091679" m_c="0.091679" m_d="-0.995789" m_tx="190.663681" m_ty="-25.826950"/>
  </frame>
  <frame idx="100" w="482" h="781" x="17.985641" y="-212.753891">
   <element name="torso" layername="body" frame="0" z_index="53" m_a="0.149936" m_b="0.988696" m_c="-0.988696" m_d="0.149936" m_tx="185.737518" m_ty="-420.056763"/>
   <element name="light" layername="light" frame="0" z_index="54" m_a="1.000000" m_b="0.000000" m_c="0.000000" m_d="1.000000" m_tx="-198.850571" m_ty="-401.149414"/>
   <element name="hands" layername="sword" frame="0" z_index="52" m_a="-0.995789" m_b="-0.091679" m_c="0.091679" m_d="-0.995789" m_tx="193.594910" m_ty="-25.916901"/>
  </frame>
  <frame idx="125" w="500" h="788" x="19.761612" y="-206.189072">
   <element name="torso" layername="body" frame="0" z_index="53" m_a="-0.203146" m_b="0.979149" m_c="-0.979149" m_d="-0.203146" m_tx="256.220428" m_ty="-343.043854"/>
   <element name="light" layername="light" frame="0" z_index="54" m_a="1.000000" m_b="0.000000" m_c="0.000000" m_d="1.000000" m_tx="-198.850571" m_ty="-401.149414"/>
   <element name="hands" layername="sword" frame="0" z_index="52" m_a="-0.995789" m_b="-0.091679" m_c="0.091679" m_d="-0.995789" m_tx="196.526123" m_ty="-26.006851"/>
  </frame>
  <frame idx="150" w="586" h="813" x="19.866806" y="-184.242279">
   <element name="torso" layername="body" frame="0" z_index="53" m_a="-0.530883" m_b="0.847445" m_c="-0.847445" m_d="-0.530883" m_tx="295.532440" m_ty="-246.331039"/>
   <element name="light" layername="light" frame="0" z_index="54" m_a="1.000000" m_b="0.000000" m_c="0.000000" m_d="1.000000" m_tx="-198.850571" m_ty="-401.149414"/>
   <element name="hands" layername="sword" frame="0" z_index="52" m_a="-0.995789" m_b="-0.091679" m_c="0.091679" m_d="-0.995789" m_tx="199.027161" m_ty="-26.144592"/>
  </frame>
  <frame idx="175" w="598" h="819" x="18.288147" y="-179.798553">
   <element name="torso" layername="body" frame="0" z_index="53" m_a="-0.792389" m_b="0.610016" m_c="-0.610016" m_d="-0.792389" m_tx="298.769165" m_ty="-141.983780"/>
   <element name="light" layername="light" frame="0" z_index="54" m_a="1.000000" m_b="0.000000" m_c="0.000000" m_d="1.000000" m_tx="-198.850571" m_ty="-401.149414"/>
   <element name="hands" layername="sword" frame="0" z_index="52" m_a="-0.995789" m_b="-0.091679" m_c="0.091679" m_d="-0.995789" m_tx="198.373627" m_ty="-26.632843"/>
  </frame>
  <frame idx="200" w="535" h="805" x="15.222519" y="-193.267609">
   <element name="torso" layername="body" frame="0" z_index="53" m_a="-0.955038" m_b="0.296483" m_c="-0.296483" m_d="-0.955038" m_tx="265.526733" m_ty="-43.020386"/>
   <element name="light" layername="light" frame="0" z_index="54" m_a="1.000000" m_b="0.000000" m_c="0.000000" m_d="1.000000" m_tx="-198.850571" m_ty="-401.149414"/>
   <element name="hands" layername="sword" frame="0" z_index="52" m_a="-0.995789" m_b="-0.091679" m_c="0.091679" m_d="-0.995789" m_tx="197.720078" m_ty="-27.121094"/>
  </frame>
  <frame idx="225" w="461" h="781" x="16.244522" y="-215.343246">
   <element name="torso" layername="body" frame="0" z_index="53" m_a="-0.999728" m_b="0.023338" m_c="-0.023338" m_d="-0.999728" m_tx="216.643967" m_ty="22.574661"/>
   <element name="light" layername="light" frame="0" z_index="54" m_a="1.000000" m_b="0.000000" m_c="0.000000" m_d="1.000000" m_tx="-198.850571" m_ty="-401.149414"/>
   <element name="hands" layername="sword" frame="0" z_index="52" m_a="-0.995789" m_b="-0.091679" m_c="0.091679" m_d="-0.995789" m_tx="197.066544" m_ty="-27.609344"/>
  </frame>
  <frame idx="250" w="528" h="805" x="8.405579" y="-195.413361">
   <element name="torso" layername="body" frame="0" z_index="53" m_a="-0.967833" m_b="-0.251595" m_c="0.251595" m_d="-0.967833" m_tx="151.653107" m_ty="72.257782"/>
   <element name="light" layername="light" frame="0" z_index="54" m_a="1.000000" m_b="0.000000" m_c="0.000000" m_d="1.000000" m_tx="-198.850571" m_ty="-401.149414"/>
   <element name="hands" layername="sword" frame="0" z_index="52" m_a="-0.995789" m_b="-0.091679" m_c="0.091679" m_d="-0.995789" m_tx="196.413010" m_ty="-28.097610"/>
  </frame>
  <frame idx="275" w="598" h="822" x="4.624298" y="-180.674866">
   <element name="torso" layername="body" frame="0" z_index="53" m_a="-0.861796" m_b="-0.507254" m_c="0.507254" m_d="-0.861796" m_tx="75.532753" m_ty="102.223022"/>
   <element name="light" layername="light" frame="0" z_index="54" m_a="1.000000" m_b="0.000000" m_c="0.000000" m_d="1.000000" m_tx="-198.850571" m_ty="-401.149414"/>
   <element name="hands" layername="sword" frame="0" z_index="52" m_a="-0.995789" m_b="-0.091679" m_c="0.091679" m_d="-0.995789" m_tx="195.759476" m_ty="-28.585861"/>
  </frame>
  <frame idx="300" w="622" h="828" x="0.976746" y="-176.943054">
   <element name="torso" layername="body" frame="0" z_index="53" m_a="-0.689742" m_b="-0.724055" m_c="0.724055" m_d="-0.689742" m_tx="-5.885831" m_ty="110.174896"/>
   <element name="light" layername="light" frame="0" z_index="54" m_a="1.000000" m_b="0.000000" m_c="0.000000" m_d="1.000000" m_tx="-198.850571" m_ty="-401.149414"/>
   <element name="hands" layername="sword" frame="0" z_index="52" m_a="-0.995789" m_b="-0.091679" m_c="0.091679" m_d="-0.995789" m_tx="195.105927" m_ty="-29.074112"/>
  </frame>
  <frame idx="325" w="598" h="820" x="-2.257751" y="-184.522522">
   <element name="torso" layername="body" frame="0" z_index="53" m_a="-0.464850" m_b="-0.885390" m_c="0.885390" m_d="-0.464850" m_tx="-86.365692" m_ty="95.504242"/>
   <element name="light" layername="light" frame="0" z_index="54" m_a="1.000000" m_b="0.000000" m_c="0.000000" m_d="1.000000" m_tx="-198.850571" m_ty="-401.149414"/>
   <element name="hands" layername="sword" frame="0" z_index="52" m_a="-0.995789" m_b="-0.091679" m_c="0.091679" m_d="-0.995789" m_tx="194.452393" m_ty="-29.562363"/>
  </frame>
  <frame idx="350" w="527" h="801" x="-4.831253" y="-202.851288">
   <element name="torso" layername="body" frame="0" z_index="53" m_a="-0.204347" m_b="-0.978898" m_c="0.978898" m_d="-0.204347" m_tx="-159.741470" m_ty="59.334915"/>
   <element name="light" layername="light" frame="0" z_index="54" m_a="1.000000" m_b="0.000000" m_c="0.000000" m_d="1.000000" m_tx="-198.850571" m_ty="-401.149414"/>
   <element name="hands" layername="sword" frame="0" z_index="52" m_a="-0.995789" m_b="-0.091679" m_c="0.091679" m_d="-0.995789" m_tx="193.798859" m_ty="-30.050613"/>
  </frame>
  <frame idx="375" w="491" h="787" x="4.712250" y="-216.182236">
   <element name="torso" layername="body" frame="0" z_index="53" m_a="0.071809" m_b="-0.997418" m_c="0.997418" m_d="0.071809" m_tx="-220.392288" m_ty="4.437668"/>
   <element name="light" layername="light" frame="0" z_index="54" m_a="1.000000" m_b="0.000000" m_c="0.000000" m_d="1.000000" m_tx="-198.850571" m_ty="-401.149414"/>
   <element name="hands" layername="sword" frame="0" z_index="52" m_a="-0.995789" m_b="-0.091679" m_c="0.091679" m_d="-0.995789" m_tx="193.145325" m_ty="-30.538864"/>
  </frame>
  <frame idx="400" w="574" h="810" x="-7.272827" y="-197.005157">
   <element name="torso" layername="body" frame="0" z_index="53" m_a="0.342464" m_b="-0.939531" m_c="0.939531" m_d="0.342464" m_tx="-263.671875" m_ty="-64.982048"/>
   <element name="light" layername="light" frame="0" z_index="54" m_a="1.000000" m_b="0.000000" m_c="0.000000" m_d="1.000000" m_tx="-198.850571" m_ty="-401.149414"/>
   <element name="hands" layername="sword" frame="0" z_index="52" m_a="-0.995789" m_b="-0.091679" m_c="0.091679" m_d="-0.995789" m_tx="192.491776" m_ty="-31.027115"/>
  </frame>
  <frame idx="425" w="607" h="818" x="-7.227112" y="-190.702484">
   <element name="torso" layername="body" frame="0" z_index="53" m_a="0.481351" m_b="-0.876528" m_c="0.876528" m_d="0.481351" m_tx="-278.802917" m_ty="-107.443268"/>
   <element name="light" layername="light" frame="0" z_index="54" m_a="1.000000" m_b="0.000000" m_c="0.000000" m_d="1.000000" m_tx="-198.850571" m_ty="-401.149414"/>
   <element name="hands" layername="sword" frame="0" z_index="52" m_a="-0.995789" m_b="-0.091679" m_c="0.091679" m_d="-0.995789" m_tx="191.838242" m_ty="-31.515366"/>
  </frame>
  <frame idx="450" w="625" h="825" x="-6.865082" y="-188.530487">
   <element name="torso" layername="body" frame="0" z_index="53" m_a="0.609043" m_b="-0.793137" m_c="0.793137" m_d="0.609043" m_tx="-287.301117" m_ty="-151.711517"/>
   <element name="light" layername="light" frame="0" z_index="54" m_a="1.000000" m_b="0.000000" m_c="0.000000" m_d="1.000000" m_tx="-198.850571" m_ty="-401.149414"/>
   <element name="hands" layername="sword" frame="0" z_index="52" m_a="-0.995789" m_b="-0.091679" m_c="0.091679" m_d="-0.995789" m_tx="191.184708" m_ty="-32.003616"/>
  </frame>
  <frame idx="475" w="630" h="833" x="-6.195282" y="-190.503571">
   <element name="torso" layername="body" frame="0" z_index="53" m_a="0.722568" m_b="-0.691300" m_c="0.691300" m_d="0.722568" m_tx="-288.968872" m_ty="-196.757324"/>
   <element name="light" layername="light" frame="0" z_index="54" m_a="1.000000" m_b="0.000000" m_c="0.000000" m_d="1.000000" m_tx="-198.850571" m_ty="-401.149414"/>
   <element name="hands" layername="sword" frame="0" z_index="52" m_a="-0.995789" m_b="-0.091679" m_c="0.091679" m_d="-0.995789" m_tx="190.531174" m_ty="-32.491898"/>
  </frame>
  <frame idx="500" w="620" h="825" x="-5.233215" y="-192.351837">
   <element name="torso" layername="body" frame="0" z_index="53" m_a="0.819288" m_b="-0.573383" m_c="0.573383" m_d="0.819288" m_tx="-283.767273" m_ty="-241.532776"/>
   <element name="light" layername="light" frame="0" z_index="54" m_a="1.000000" m_b="0.000000" m_c="0.000000" m_d="1.000000" m_tx="-198.850571" m_ty="-401.149414"/>
   <element name="hands" layername="sword" frame="0" z_index="52" m_a="-0.995789" m_b="-0.091679" m_c="0.091679" m_d="-0.995789" m_tx="189.877625" m_ty="-32.980148"/>
  </frame>
  <frame idx="525" w="594" h="814" x="-4.001282" y="-197.335724">
   <element name="torso" layername="body" frame="0" z_index="53" m_a="0.896951" m_b="-0.442130" m_c="0.442130" m_d="0.896951" m_tx="-271.817444" m_ty="-284.996613"/>
   <element name="light" layername="light" frame="0" z_index="54" m_a="1.000000" m_b="0.000000" m_c="0.000000" m_d="1.000000" m_tx="-198.850571" m_ty="-401.149414"/>
   <element name="hands" layername="sword" frame="0" z_index="52" m_a="-0.995789" m_b="-0.091679" m_c="0.091679" m_d="-0.995789" m_tx="189.224091" m_ty="-33.468399"/>
  </frame>
  <frame idx="550" w="556" h="806" x="-2.528107" y="-206.790161">
   <element name="torso" layername="body" frame="0" z_index="53" m_a="0.953753" m_b="-0.300593" m_c="0.300593" m_d="0.953753" m_tx="-253.397232" m_ty="-326.137817"/>
   <element name="light" layername="light" frame="0" z_index="54" m_a="1.000000" m_b="0.000000" m_c="0.000000" m_d="1.000000" m_tx="-198.850571" m_ty="-401.149414"/>
   <element name="hands" layername="sword" frame="0" z_index="52" m_a="-0.995789" m_b="-0.091679" m_c="0.091679" m_d="-0.995789" m_tx="188.570557" m_ty="-33.956650"/>
  </frame>
  <frame idx="575" w="504" h="792" x="-0.848022" y="-219.041519">
   <element name="torso" layername="body" frame="0" z_index="53" m_a="0.988370" m_b="-0.152065" m_c="0.152065" m_d="0.988370" m_tx="-228.935104" m_ty="-363.999451"/>
   <element name="light" layername="light" frame="0" z_index="54" m_a="1.000000" m_b="0.000000" m_c="0.000000" m_d="1.000000" m_tx="-198.850571" m_ty="-401.149414"/>
   <element name="hands" layername="sword" frame="0" z_index="52" m_a="-0.995789" m_b="-0.091679" m_c="0.091679" m_d="-0.995789" m_tx="187.917023" m_ty="-34.444901"/>
  </frame>
 </anim>
</Anims>
